序号,题目,主体类型,人物运动,能力专项,非人运动,Prompt类型,镜头语言,英文,prompt字数,题目来源,视频URL
1,"Starting from a wide shot pushing in, a tall and sturdy oak tree with lush foliage. The camera cuts to a close-up in the tree where a squirrel and a chipmunk are busy building a treehouse. The chipmunk holds a blueprint while the squirrel hammers nails intently. 3D cartoon style.",动物,,,动物运动,叙述性描述,"运镜,多镜头",英文,50,,https://zhaojiaqi-new.s3.cn-north-1.jdcloud-oss.com/t2v_eval/t2v_v3_0808_qt_it478000_10s/0000.mp4
2,"A thick morning fog shrouds a medieval muddy training ground near a stone castle. Three fully armored knights face off in a triangular formation, lances raised. At a herald's trumpet blast, two charge forward and clash with a forceful collision, mud splashing beneath their boots, one lance splintering on impact. The third knight circles behind and strikes the stumbling loser across the back with a mace, knocking him face-first into the mud. The remaining two engage in close combat — swords drawn, trading blows, each hit sending sparks and denting the metal surface. One disarms the other with a sweeping strike; the disarmed knight grabs a shield from the mud and blocks a downward slash. From the castle wall above, spectators cheer and a lady drops a red favor. The camera tracks low through the mud, capturing the metallic sheen of dented armor, breath misting in cold air, and blood mixing with muddy water. The victor raises his sword overhead, fog swirling around him.",人物,运动体育,打斗场景,,叙述性描述,运镜,英文,164,,https://zhaojiaqi-new.s3.cn-north-1.jdcloud-oss.com/t2v_eval/t2v_v3_0808_qt_it478000_10s/0001.mp4
3,"【俯拍・升格】指尖轻触屏幕，京东 APP 图标被点亮，光纹瞬间扩散
【航拍・流光】城市车流如星河，京东配送车穿行其中，尾灯拉出光轨
【逆光・远景】无人机从楼顶升空，划破天际，飞向城市远方
【轨道・纵深】智能仓内，机械臂精准运转，AGV 机器人列队穿梭，包裹如流水前行、【航拍・晨昏】北京 CBD 天际线，晨光洒在京东物流枢纽
【街拍・暖光】上海街头，配送车驶过梧桐树下，光影温柔
【蒙太奇・异域】海外都市：曼谷街巷、伦敦街区、迪拜新城，京东元素自然融入
【特写・柔光】用户签收包裹，指尖触到包装，抬头微笑，眼神明亮治愈
","人物,物体,人造空间",日常行为,画面构图,,分镜脚本,"运镜,多镜头,时间操控",中文,260,,https://zhaojiaqi-new.s3.cn-north-1.jdcloud-oss.com/t2v_eval/t2v_v3_0808_qt_it478000_10s/0002.mp4
4,"A telephoto lens compresses depth, capturing the endless stream of commuters on a rush-hour overpass. A suited man in the foreground strides past creating motion blur, while the dense crowd and distant office tower glass walls catching morning light fill the background.",人物,日常行为,画面构图,,专业影视语言,,英文,42,,https://zhaojiaqi-new.s3.cn-north-1.jdcloud-oss.com/t2v_eval/t2v_v3_0808_qt_it478000_10s/0003.mp4
5,"Grandma making dumplings in the kitchen, her technique practiced and skilled.",人物,日常行为,,,日常白话,,英文,11,,https://zhaojiaqi-new.s3.cn-north-1.jdcloud-oss.com/t2v_eval/t2v_v3_0808_qt_it478000_10s/0004.mp4
6,"Generate a 15-second high-energy summer commercial video. On a hot summer day, the city is baked by the intense sun, heat rises from the ground, and a heatwave distortion effect is visible in the air. Indoors at home or in an office, a person is sweating profusely, dry-mouthed, and says, ""It's way too hot, I need something iced!"" They open their phone and place an order on [JD Miaosong] for cold beer, iced drinks, ice cream, and other items. The phone screen rapidly flashes ""Order Successful"" and ""Nearest warehouse responding instantly."" Fast-paced visual rhythm, bright colors, emphasizing the intense summer heat and strong thirst, driving the audience to want to order cold drinks immediately. Commercial advertising style, exaggerated, exciting, and highly satisfying.",人物,日常行为,文字生成,,叙述性描述,,英文,122,,https://zhaojiaqi-new.s3.cn-north-1.jdcloud-oss.com/t2v_eval/t2v_v3_0808_qt_it478000_10s/0005.mp4
7,"A wide-angle, low-angle hyper-realistic shot of astronauts floating weightlessly through the illuminated corridor of a high-tech
spaceship, with the camera slowly tracking their slow-motion movements.",人物,日常行为,,,专业影视语言,"运镜,时间操控",英文,24,,https://zhaojiaqi-new.s3.cn-north-1.jdcloud-oss.com/t2v_eval/t2v_v3_0808_qt_it478000_10s/0006.mp4
8,"Wide-angle low-angle hyper-realistic shot. Several astronauts float weightlessly through a glowing high-tech spacecraft corridor. The camera slowly tracks their slow-motion drifting movements. The overall scene carries a futuristic sci-fi atmosphere, fine details, 8K cinematic quality.",人物,日常行为,,,专业影视语言,"运镜,时间操控",英文,35,,https://zhaojiaqi-new.s3.cn-north-1.jdcloud-oss.com/t2v_eval/t2v_v3_0808_qt_it478000_10s/0007.mp4
9,"Timelapse photography records a city transitioning from day to night — skyscraper lights turning on one by one, traffic forming continuous light trails. Cut to a mountain summit where timelapse continues capturing the Milky Way slowly rotating until the first dawn light strikes the peak.","自然景观,人造空间",,画面构图,静态/微动,叙述性描述,"多镜头,时间操控",英文,45,,https://zhaojiaqi-new.s3.cn-north-1.jdcloud-oss.com/t2v_eval/t2v_v3_0808_qt_it478000_10s/0008.mp4
10,"Inside a dim cavern, translucent water droplets slowly form at the tip of a moist limestone stalactite and fall, splashing into a tiny burst on the stone floor below.",自然景观,,,流体/软体,日常白话,,英文,29,,https://zhaojiaqi-new.s3.cn-north-1.jdcloud-oss.com/t2v_eval/t2v_v3_0808_qt_it478000_10s/0009.mp4
11,"镜头1
一台工业机械臂在流水线上快速抓起一块金属零件，转动手腕后放到传送带上。传送带持续运行，两侧多个滚轮同步转动，后方另一台机械臂正在焊接，焊花四溅，镜头跟随主机械臂平滑移动。
镜头2
镜头切到侧前方，零件沿传送带前进，经过检测装置时指示灯亮起，分拣机械臂迅速伸出将零件夹起并放入料箱。传送带、滚轮、机械臂和背景设备持续协同运转，焊花、指示灯、金属反光和轻微震动同步变化，整体动作连贯，符合真实机械传动和物理规律。",物体,,多个体/群体画面,刚体位移,分镜脚本,"运镜,多镜头",中文,208,,https://zhaojiaqi-new.s3.cn-north-1.jdcloud-oss.com/t2v_eval/t2v_v3_0808_qt_it478000_10s/0010.mp4
12,超写实电影质感，4K，杜比视界色彩，自然光照，中景固定镜头 男士身着卡其冲锋衣搭橄榄抓绒内搭，配深灰工装裤、黑登山靴，背负军绿登山包并系战术腰封，全套专业户外工装穿搭。他来到沙滩树下盘腿坐地，演示“弓钻取火”——快速拉动弓弦，钻头冒烟，黑炭火种落入干棕榈纤维，他轻轻吹气，“呼”的一声烟从棕榈纤维蹿起。棕榈纤维中透出火星的光点，他小心翼翼捧起火绒凑近镜头，笑着介绍“耐心一点火种很快就有了”,人物,精细操作,画面构图,,专业影视语言,,中文,195,,https://zhaojiaqi-new.s3.cn-north-1.jdcloud-oss.com/t2v_eval/t2v_v3_0808_qt_it478000_10s/0011.mp4
13,"Close-up shot of a model wearing a bohemian-style linen dress. The shot must fully showcase the model's blue eyes, sculpted features, and fair skin, while revealing the fabric's textured folds.",人物,,材质质感,,叙述性描述,,英文,30,,https://zhaojiaqi-new.s3.cn-north-1.jdcloud-oss.com/t2v_eval/t2v_v3_0808_qt_it478000_10s/0012.mp4
14,"Macro shot of a silversmith forging, texture details, finished piece examination.","人物,物体",精细操作,材质质感,,叙述性描述,,英文,11,,https://zhaojiaqi-new.s3.cn-north-1.jdcloud-oss.com/t2v_eval/t2v_v3_0808_qt_it478000_10s/0013.mp4
15,"Children at the beach building a sandcastle — digging sand into buckets, planting a flag on top, fetching water to fill the moat, clapping and cheering when finished.",人物,日常行为,,,日常白话,,英文,28,,https://zhaojiaqi-new.s3.cn-north-1.jdcloud-oss.com/t2v_eval/t2v_v3_0808_qt_it478000_10s/0014.mp4
16,"Shot Prompts
Shot 1
An aerial shot moves through a valley shrouded in morning mist, with a winding river flowing below and distant snow-capped mountains dimly visible. Thin fog drifts slowly across the scene.

Shot 2
The camera dives into the valley, skimming over a pine forest and a streaming creek. Leaves sway gently in the breeze, light ripples form on the water's surface, and a few birds dart through the trees.

Shot 3
The camera emerges from the forest to reveal a lakeside view. The lake reflects the surrounding mountains and sky; a gentle gust creates cascading ripples on the water while reeds along the shore sway softly.

Shot 4
The camera slowly rises and pulls back, revealing the full spatial depth of the valley, lake, forest, and snow-capped peaks. Clouds and mist flow lazily between the mountains, and the frame freezes on a sweeping wide panorama.",自然景观,,,流体/软体,分镜脚本,"运镜,多镜头,时间操控",英文,140,,https://zhaojiaqi-new.s3.cn-north-1.jdcloud-oss.com/t2v_eval/t2v_v3_0808_qt_it478000_10s/0015.mp4
17,"A baby sea turtle slowly crawls from the sandy beach toward the ocean, leaving a trail of tiny tracks. It then passes through crystal-clear waters with colorful coral reefs, joins a school of tropical fish swimming together, and finally reaches the deep blue open sea to roam freely.",动物,,,动物运动,日常白话,,英文,48,,https://zhaojiaqi-new.s3.cn-north-1.jdcloud-oss.com/t2v_eval/t2v_v3_0808_qt_it478000_10s/0016.mp4
18,阳台花盆边，一只橘色小猫发现了一只蝴蝶。第一个镜头是小猫蹲着歪头盯着蝴蝶看，尾巴轻轻摇晃。第二个镜头拍它试探着伸出爪子去够，蝴蝶却飞走了。第三个镜头是小猫跳上窗台继续追，尾巴竖得直直的。第四个镜头蝴蝶停在了小猫鼻尖上，它一动不动对着眼看,动物,,,动物运动,分镜脚本,多镜头,中文,118,,https://zhaojiaqi-new.s3.cn-north-1.jdcloud-oss.com/t2v_eval/t2v_v3_0808_qt_it478000_10s/0017.mp4
19,"第1个镜头[0-2秒] 有着一头红色卷发的年轻女巫身穿红色花纹长袍，骑着一把木扫帚在天空中向前飞行。风吹动她的红发和衣摆。音效：呼呼的风声，扫帚划破空气的摩擦声。无字幕，无背景音乐。

第2个镜头[2-4秒]硬切，俯视全景，对应的蓝色树林和山脉环境。透过粉色的云层，下方蓝色的山坡上，一个长着鹿角、穿着蓝色破旧长袍的老山羊正在缓慢向上走。音效：高空的风声，微弱的树叶沙沙声。无字幕，无背景音乐。

第3个镜头[4-6秒]硬切，全景。女巫骑着扫帚快速从空中俯冲而下，降落在老山羊面前的泥地上，双脚落地，扫帚停在身侧。老山羊停下脚步看着她。音效：扫帚快速降落的尖锐风声，双脚踩在泥地上的沉闷落地声。无字幕，无背景音乐。

第4个镜头[6-9秒]硬切，中近景。女巫看着老山羊，面带微笑，开口说：“Hello there! Need a lift?” 音效：女巫清脆的说话声，周围树叶的微风摩擦声。无字幕，无背景音乐。

第5个镜头[9-11秒]硬切，特写。老山羊有点疑惑看着她说“yes？”，跟随老山羊的目光，女巫迅速侧过身，右手拍了拍扫帚的后半部分，示意他坐上来。音效：衣物摩擦声，手掌拍打木头扫帚的啪啪声。无字幕，无背景音乐。

第6个镜头[11-13秒]硬切，中景。老山羊缓慢抬起腿跨上扫帚，坐在女巫身后，女巫也跨在扫帚上，双手握紧扫帚前端。音效：布料摩擦声，木头扫帚受力发出的轻微嘎吱声。无字幕，无背景音乐。

第7个镜头[13-15秒]硬切，远景。女巫双脚蹬地，扫帚猛地向上窜起，载着女巫和老山羊飞向蓝色的树林上空，两人的身影在空中迅速变小。音效：双脚用力蹬地的摩擦声，扫帚起飞时强烈的破空风声。无字幕，无背景音乐。","人物,动物",社会互动,属性绑定,,分镜脚本,多镜头,中文,710,,https://zhaojiaqi-new.s3.cn-north-1.jdcloud-oss.com/t2v_eval/t2v_v3_0808_qt_it478000_10s/0018.mp4
20,"Shot 1 uses top-side lighting, focusing on the dancer's pointe touching the floor. Shot 2 switches to a wide-aperture medium shot as the dancer spins, skirt flowing. Shot 3 uses backlighting to silhouette the dancer leaping. Shot 4 is a frontal close-up capturing the details of sweat beads on the face.",人物,表演艺术,画面构图,,分镜脚本,多镜头,英文,51,,https://zhaojiaqi-new.s3.cn-north-1.jdcloud-oss.com/t2v_eval/t2v_v3_0808_qt_it478000_10s/0019.mp4
21,"In the community plaza below an apartment complex, several women dance in formation. Shot 1: wide shot of their synchronized movements to music. Shot 2: push in on the lead dancer's focused expression and hand gestures. Shot 3: cut to elderly men sitting nearby watching and chatting. Shot 4: a little girl at the back clumsily imitating the moves. Shot 5: back to wide shot — the music climaxes as everyone turns and claps together.",人物,表演艺术,多个体/群体画面,,分镜脚本,"运镜,多镜头",英文,75,,https://zhaojiaqi-new.s3.cn-north-1.jdcloud-oss.com/t2v_eval/t2v_v3_0808_qt_it478000_10s/0020.mp4
22,"A skateboarder charges down a ramp. The camera clings to the ground with a low-angle fisheye lens tracking shot — intense sense of speed. The skater launches into the air, the camera rapidly orbits and shifts to slow motion capturing the full aerial trick. The instant of landing returns to normal speed, the camera continues stable tracking as the skater glides away, then gently pulls back to end.",人物,运动体育,,,专业影视语言,"运镜,时间操控",英文,68,,https://zhaojiaqi-new.s3.cn-north-1.jdcloud-oss.com/t2v_eval/t2v_v3_0808_qt_it478000_10s/0021.mp4
23,"Steadicam tracking shot beginning from a side medium angle, following a martial artist in black training clothes as he initiates his form in the training hall. The second shot cuts to a low-angle upward view capturing his spinning aerial kick with fabric billowing in the air resistance. The third shot is a frontal close-up slow motion freezing dust rising from the floor with his strike. The fourth shot finishes with a high-angle overhead panorama showing the entire training hall as he completes his stance.",人物,运动体育,打斗场景,,专业影视语言,"运镜,多镜头,时间操控",英文,84,,https://zhaojiaqi-new.s3.cn-north-1.jdcloud-oss.com/t2v_eval/t2v_v3_0808_qt_it478000_10s/0022.mp4
24,"Shot 1 (Medium Shot)Under the dappled sunlight beneath the tree shade, four white-haired seniors sit around a square table. Each carries a distinct expression, with rows of mahjong tiles neatly arranged in front of them.
Shot 2 (Close-Up)A close-up shot focuses on the center of the mahjong table. Several wrinkled yet nimble hands quickly shuffle and draw tiles from the stack. Suddenly, an elderly man slaps down a ""Red Dragon"" tile with immense momentum and force.

Shot 3 (Medium Close-Up)The camera cuts to the face of an auntie sitting opposite. She pushes up her reading glasses and squints to examine the tiles in her hand. Her brow quickly unmixes and smooths out, giving way to a subtle, confident smile of victory.",人物,日常行为,多个体/群体画面,,分镜脚本,多镜头,英文,119,,https://zhaojiaqi-new.s3.cn-north-1.jdcloud-oss.com/t2v_eval/t2v_v3_0808_qt_it478000_10s/0023.mp4
25,"A group of people are playing basketball on the school playground, and the game is very intense.",人物,运动体育,多个体/群体画面,,日常白话,,英文,17,,https://zhaojiaqi-new.s3.cn-north-1.jdcloud-oss.com/t2v_eval/t2v_v3_0808_qt_it478000_10s/0024.mp4
26,周末的菜市场特别热闹。第一个镜头拍入口处人来人往的景象和悬挂的红色招牌；第二个镜头对准水果摊老板熟练称重装袋的过程；第三个镜头转到鱼摊，鱼在水里活蹦乱跳，老板正在抓鱼；第四个镜头拍一位阿姨在仔细挑选蔬菜，翻来覆去看；第五个镜头是结尾全景，各个摊位灯光明亮，十分热闹的市场氛围,"人物,动物",日常行为,多个体/群体画面,,分镜脚本,多镜头,中文,137,,https://zhaojiaqi-new.s3.cn-north-1.jdcloud-oss.com/t2v_eval/t2v_v3_0808_qt_it478000_10s/0025.mp4
27,Quick-cut jump-cut montage of seven employees in different positions.,人物,日常行为,多个体/群体画面,,专业影视语言,多镜头,英文,9,,https://zhaojiaqi-new.s3.cn-north-1.jdcloud-oss.com/t2v_eval/t2v_v3_0808_qt_it478000_10s/0026.mp4
28,一个一气呵成、如梦似幻的电影长镜头：画面在深夜雾气弥漫的海边开启。四周通过广角镜头呈现出轻微的拉伸畸变，海平线与岸边巨大的古老漂流木在画面边缘微微弯折，漫天飞舞的萤火虫在浓重的海雾中拉出一道道柔和弯曲的金色光影轮廓。镜头顺畅滑行，一位身穿白色流苏长裙的少女静静地伫立在潮湿的沙滩正中央，四周扭曲的光影与雾气仿佛形成了一个魔法漩涡，将她温柔地包裹。随着镜头推进，少女的身影愈发清晰，她神情安静、温柔，任由海风轻轻吹拂着白裙的下摆，几只萤火虫在她脸庞掠过，微光将她照亮。随后，一个极端的宏观特写捕捉了空气中被扭曲的海浪飞沫与萤火虫那弯曲的金色轨迹。镜头最终定格在少女的高清半身特写上：她嘴角带着一丝安静轻柔的微笑，清澈的眼眸里倒映着萤火虫的点点微光；此时，画面中心她的脸部极度清晰，而四周拉伸的雾气与漫天飞舞的流光则汇聚成一个柔和的梦幻星云，将她定格在这片神秘海岸的核心。,人物,,视觉特效,,专业影视语言,运镜,中文,384,,https://zhaojiaqi-new.s3.cn-north-1.jdcloud-oss.com/t2v_eval/t2v_v3_0808_qt_it478000_10s/0027.mp4
29,"第一段镜头：
航拍俯瞰，盘山公路蜿蜒盘旋在峭壁之间，一抹红色沿着弯道疾驰而上，轮胎擦过路面卷起一阵灰尘，在山谷间拖出一条淡淡的白色尾迹。

第二段镜头：
低角度侧拍，红色跑车贴着弯心加速过弯，车身压低，轮胎咬住柏油路面发出尖锐的啸叫，碎石从路肩弹飞，护栏在一旁飞速掠过。

第三段镜头：
车内视角，方向盘急打，驾驶者指节收紧，转速表指针猛地跳升。窗外护栏和山崖快速后退，阳光与山影交替扫过仪表台，引擎的嘶吼填满整个座舱。

第四段镜头：
车尾跟拍，排气管喷出滚滚热浪，空气被灼得扭曲变形。前方隧道洞口迫近，跑车一头扎入黑暗，尾灯拉成两条红线，引擎轰鸣声渐渐被隧道吞没。

第五段镜头：
隧道另一端出口，画面从一片漆黑中等待。远处传来由弱渐强的引擎回响，红色跑车猛然冲出洞口，光线瞬间炸开，车身裹着速度掠过镜头，山风灌入隧道，卷起一地枯叶翻飞。",物体,日常行为,,刚体位移,分镜脚本,"运镜,多镜头",中文,371,,https://zhaojiaqi-new.s3.cn-north-1.jdcloud-oss.com/t2v_eval/t2v_v3_0808_qt_it478000_10s/0028.mp4
30,镜头一采用电影感后拉轨道镜头缓缓驶入某汽车超级工厂内部，镜头二切至中景，一排排精密机械臂在慢速输送产线上有条不紊组装汽车底盘，镜头三推近特写，突出明亮洁净灯光下设备光亮的金属质感，镜头四拉远成大远景，展现向深处无限延伸、规整有序的宏大厂区空间，镜头五持续平稳向后拉远，以全景视角完整收纳整片井然有序的生产车间全貌。,"物体,人造空间",,材质质感,刚体位移,分镜脚本,"运镜,多镜头",中文,157,,https://zhaojiaqi-new.s3.cn-north-1.jdcloud-oss.com/t2v_eval/t2v_v3_0808_qt_it478000_10s/0029.mp4
31,镜头自侧面低角度缓缓推入，特写捕捉厨师于纯白瓷盘上细致摆盘的画面，朦胧烛光衬在背景；随即切换宏观慢动作镜头，记录刀叉切分牛排的瞬间，清晰展露肉质纤维的饱满张力与缓缓流淌的红酒酱汁，再切近景聚焦酱汁浸润肌理的细腻质感，继而中景环绕完整呈现菜肴搭配层次，最终镜头缓缓抬升，以俯瞰视角完整收束整道菜肴充满美感的艺术摆盘布局。,"人物,物体",日常行为,材质质感,,专业影视语言,"运镜,多镜头,时间操控",中文,159,,https://zhaojiaqi-new.s3.cn-north-1.jdcloud-oss.com/t2v_eval/t2v_v3_0808_qt_it478000_10s/0030.mp4
32,滑雪者在滑雪，他转弯时扬起大片雪雾，沿着山坡逐渐加速，镜头平稳地移动着。,人物,运动体育,,,日常白话,运镜,中文,36,,https://zhaojiaqi-new.s3.cn-north-1.jdcloud-oss.com/t2v_eval/t2v_v3_0808_qt_it478000_10s/0031.mp4
33,一位唐朝新娘在婚礼前独自站在化妆镜前。镜头从镜中她微笑整理发饰的特写开始，缓慢推进。她拿起桌上的口红涂抹嘴唇，对着镜子满意地点头。,人物,精细操作,,,叙述性描述,运镜,中文,65,,https://zhaojiaqi-new.s3.cn-north-1.jdcloud-oss.com/t2v_eval/t2v_v3_0808_qt_it478000_10s/0032.mp4
34,一名潜水员探索沉船，用手电筒照亮船体裂口。气泡从呼吸器上升，光束穿透黑暗水域照出悬浮的尘埃。他伸手触摸锈蚀的铁壁，一群小鱼从舷窗涌出。,人物,日常行为,,,日常白话,,中文,67,,https://zhaojiaqi-new.s3.cn-north-1.jdcloud-oss.com/t2v_eval/t2v_v3_0808_qt_it478000_10s/0033.mp4
35,一群年轻人在阳台上围坐吃烧烤喝啤酒。一人站起举杯提议干杯，众人碰杯欢呼，啤酒泡沫溢出流到桌面。有人拿起吉他弹奏，其余人跟着节拍拍手哼唱。一个女孩站起来随音乐扭动，拉起旁边的人一起跳舞。突然烤架上的肉串冒出明火，负责烧烤的人手忙脚乱地翻动肉串，油脂滴落火焰蹿高。另一人端来一盘切好的西瓜分给大家。镜头拉远，隔壁阳台的邻居探出头来微笑观望，远处城市夜景灯光闪烁，天空中一架飞机的尾灯缓缓划过。,人物,"日常行为,社会互动",多个体/群体画面,,日常白话,运镜,中文,194,,https://zhaojiaqi-new.s3.cn-north-1.jdcloud-oss.com/t2v_eval/t2v_v3_0808_qt_it478000_10s/0034.mp4
36,2D热血动漫风格，史诗般空战大片质感。动感低角度跟踪拍摄，贴近航母甲板，与第一架银色战机同步冲刺。随着机头拉升，镜头平滑切换为广角侧随视角，连贯捕捉蓝色和黑色战机依次从甲板弹射起飞。随后切至高空俯瞰并迅速俯冲，以第一人称飞行视角穿梭在三架保持紧密编队的战机之间。阳光在银、蓝、黑三种不同机身金属涂装上产生一致的真实折射光影与高光，物理动态极其真实，震撼的视觉张力。,物体,,风格化,刚体位移,专业影视语言,"运镜,多镜头",中文,182,,https://zhaojiaqi-new.s3.cn-north-1.jdcloud-oss.com/t2v_eval/t2v_v3_0808_qt_it478000_10s/0035.mp4
37,在极简主义时装秀上，优雅的亚洲模特穿着再生亚麻和软木纤维制成的环保时装，稳步走在木质T台。背景是原始森林与流水的4K动态影像。镜头侧向跟拍，衣物叶脉纹理与背景叶片重合，自然光线洒在模特身上，以大地色系展现时尚与生态的共生美。,人物,表演艺术,材质质感,,专业影视语言,运镜,中文,112,,https://zhaojiaqi-new.s3.cn-north-1.jdcloud-oss.com/t2v_eval/t2v_v3_0808_qt_it478000_10s/0036.mp4
38,"A handsome man stands atop a ridge enveloped in thin mist. He is clad in sleek, functional outdoor gear—a dark charcoal windbreaker jacket, professional hiking pants, and a backpack over his shoulders. A cool mountain breeze tousles his hair, complementing his calm and resolute expression. In the background, ethereal clouds and fog roll and drift among jagged rocks, occasionally parting to reveal a glimpse of majestic, snow-capped peaks in the distance.The camera slowly pushes in from behind him as he gazes into the cloud-filled abyss below. In the crisp, frigid air, his exhaled breath condenses into white mist, adding a subtle atmospheric detail. He turns slightly toward the camera, his sharp eyes filled with unyielding resilience.",人物,情绪表情,,,专业影视语言,运镜,英文,116,,https://zhaojiaqi-new.s3.cn-north-1.jdcloud-oss.com/t2v_eval/t2v_v3_0808_qt_it478000_10s/0037.mp4
39,非洲大草原上，绿茵草地成了临时足球场。雄狮用前爪拨球带球推进，鬃毛飞扬；斑马加速滑行拦截，用头顶将球弹向空中。一只猎豹高速插上接住空中球突破防线，大象守门员伸出长鼻将球扑出。球弹向角落，一只鸵鸟用长腿勾回球传给狮子。长颈鹿裁判低头观察是否越位。狮子起脚射门，球擦着大象鼻尖飞入球门。合欢树下观战的猴群跳跃欢呼，鹦鹉群从树冠惊飞。草屑和尘土在奔跑中持续飞扬。,动物,,多个体/群体画面,动物运动,日常白话,,中文,178,,https://zhaojiaqi-new.s3.cn-north-1.jdcloud-oss.com/t2v_eval/t2v_v3_0808_qt_it478000_10s/0038.mp4
40,电影级广角航拍镜头从峡谷深处快速上升掠过砂岩峰顶。一群野马在山脊线上奔跑扬起金色沙尘。一只秃鹰从镜头前俯冲追逐猎物。镜头切到山脚绿洲，一队骆驼商队正在涉水渡河。远处沙暴墙推进遮蔽落日。镜头切回山顶，风暴卷起沙尘与夕阳形成浓烈橙红色幕墙，野马群四散奔逃。,"动物,自然景观",,多个体/群体画面,动物运动,专业影视语言,"运镜,多镜头",中文,126,,https://zhaojiaqi-new.s3.cn-north-1.jdcloud-oss.com/t2v_eval/t2v_v3_0808_qt_it478000_10s/0039.mp4
41,"史诗科幻电影质感，写实风格，8K超清。首先是特写跟踪镜头，宇航员的厚重靴子坚定地踏在铁锈红色的火星土壤上，留下一个清晰深刻的足迹。随后镜头缓缓上移，展现出广袤荒凉的火星地貌，在地平线远处，巨大的奥林帕斯山巍峨耸立。

镜头切至宇航员头盔内部的第一人称主观视角（POV），透过带有金色镀膜的弧形面罩眺望火星，背景伴随着清晰沉重的宇航服呼吸声。

再次切回外部全景视角，逆光下，宇航员将一面印有“地球团结标志”的旗帜庄严地插进红色的地表。阳光在宇航服上折射出强烈的高光，长阴影，极具历史厚重感。",人物,日常行为,画面构图,,专业影视语言,"运镜,多镜头",中文,245,,https://zhaojiaqi-new.s3.cn-north-1.jdcloud-oss.com/t2v_eval/t2v_v3_0808_qt_it478000_10s/0040.mp4
42,"Aerial drone shot rising from street level through a bustling modern city. At street level, a street musician plays violin as pedestrians cross the intersection. The drone spirals upward past office workers visible through glass windows, some waving. As it clears the rooftops, the city transitions from golden hour to deep night in time-lapse: clouds race across the sky, traffic lights form rivers of red and white streaks, windows light up one by one. The drone then dive-bombs back down through a gap between buildings, weaving past illuminated billboards, and pulls up sharply to reveal the full skyline reflected in the river below.",人物,日常行为,画面构图,,专业影视语言,"运镜,时间操控",英文,103,,https://zhaojiaqi-new.s3.cn-north-1.jdcloud-oss.com/t2v_eval/t2v_v3_0808_qt_it478000_10s/0041.mp4
43,"An expansive industrial factory floor bathed in the harsh, bright light of midday, where massive metal presses strike with rhythmic, unwavering certainty. Sunlight pierces through high-ceiling windows in distinct beams, illuminating floating dust motes and the oily sheen on the heavy iron machinery. Each press moves in a steady, repetitive vertical motion, stamping metal sheets on a weathered concrete floor with mechanical
precision.","物体,人造空间",,画面构图,刚体位移,日常白话,,英文,62,,https://zhaojiaqi-new.s3.cn-north-1.jdcloud-oss.com/t2v_eval/t2v_v3_0808_qt_it478000_10s/0042.mp4
44,"Single continuous cinematic shot, no music. From outside the glass window, the dim camera slowly pushes inward into a pizza shop. A bearded white male employee is baking pizza. He removes the pizza from the oven with a metal tray, places it into a red takeaway box, closes the lid, then hands it to a customer with a warm smile. Final shot: over-the-shoulder perspective.",人物,社会互动,,,专业影视语言,运镜,英文,64,,https://zhaojiaqi-new.s3.cn-north-1.jdcloud-oss.com/t2v_eval/t2v_v3_0808_qt_it478000_10s/0043.mp4
45,"At the Tokyo Tower, an intense mecha battle unfolds, captured through dynamic camera angles and motion lines. The sleek mecha is controlled by a 16-year-old pilot with determined eyes and spiky blue hair. The art style blends stylized character designs with realistic mechanical details, maintaining high-speed movement and complex action throughout the sequence.","人物,物体",,打斗场景,刚体位移,叙述性描述,运镜,英文,53,,https://zhaojiaqi-new.s3.cn-north-1.jdcloud-oss.com/t2v_eval/t2v_v3_0808_qt_it478000_10s/0044.mp4
46,"A deep autumn courtyard covered in a carpet of golden fallen leaves. A large squirrel with a fluffy tail darts quickly through the leaves, then suddenly stops. It stands upright on its hind legs, holding a single red maple leaf in its front paws, examining it closely before tossing it into the air. The camera follows the trajectory of the falling leaf, tilting down slowly to focus on the squirrel's lively, darting black eyes and its long tail. The background features blurred red maple trees and faint, distant sounds of children laughing. The lighting is warm and bright.",动物,,,动物运动,叙述性描述,运镜,英文,98,,https://zhaojiaqi-new.s3.cn-north-1.jdcloud-oss.com/t2v_eval/t2v_v3_0808_qt_it478000_10s/0045.mp4
47,"Fisheye lens, top lighting, warm colors. A group gathers around a circular hole in a white wall, peering down. A blond man in black opens a brown paper bag and pulls out a glowing orb that illuminates everyone's faces. A woman gasps and stumbles backward. Another man reaches to touch the orb but recoils as it pulses brighter. Cut to overhead shot looking down through the hole as the orb rises. Cut to extreme close-up of the blond man's wide eyes reflecting the light. The group scatters as the orb shoots upward through the hole.",人物,"日常行为,情绪表情",多个体/群体画面,,专业影视语言,多镜头,英文,95,,https://zhaojiaqi-new.s3.cn-north-1.jdcloud-oss.com/t2v_eval/t2v_v3_0808_qt_it478000_10s/0046.mp4
48,"A traditional Chinese pavilion with curved roof tiles in a misty rain. Water droplets fall from the eaves, creating ripples in the pond below. Cut to a close-up of a koi fish surfacing through the ripples. Cut back to wide shot of the pavilion in the mist.","动物,人造空间",,,动物运动,叙述性描述,多镜头,英文,47,,https://zhaojiaqi-new.s3.cn-north-1.jdcloud-oss.com/t2v_eval/t2v_v3_0808_qt_it478000_10s/0047.mp4
49,"Cinematic portrait. Camera starts on an extreme close-up of a Latina woman's eye, reflecting a golden sunset. She blinks and a tear traces down her cheek, catching the light. The camera pulls back as she turns, revealing warm olive skin and dark curly hair. She walks toward a full-length mirror, studying her reflection. She touches her neck, then unclasps a pearl necklace and sets it on the vanity. In the mirror's reflection, a second woman enters the room behind her carrying a silk shawl. The first woman turns, accepts the shawl, and drapes it over her shoulders. The camera circles both women as they face the mirror together. Cut to a wide shot through the window from outside: both silhouettes framed against warm interior light as evening deepens to blue hour. Style: Hyper-realistic, 8K, 35mm film, shallow depth of field.",人物,"社会互动,情绪表情",画面构图,,专业影视语言,"运镜,多镜头",英文,140,,https://zhaojiaqi-new.s3.cn-north-1.jdcloud-oss.com/t2v_eval/t2v_v3_0808_qt_it478000_10s/0048.mp4
50,"Steadicam long take. Back shot of a man leaving a warm yellow-lit café, pushing the door open onto a cool-toned busy street. He sidesteps a cyclist, nearly collides with a woman carrying grocery bags who shoots him an annoyed look. He jogs across the crosswalk as the signal flashes red, a taxi honking behind him. He descends into a subway staircase — the lighting shifts to harsh fluorescent. On the platform, he squeezes past a busker playing violin and a group of tourists checking a map. A train arrives with a gust of wind that ruffles his coat. He boards, grabs a pole, and through the closing doors the busker's music fades. Inside the car, he finds a seat next to an elderly woman knitting; the train lurches forward and he steadies himself. No cuts throughout.",人物,日常行为,画面构图,,专业影视语言,运镜,英文,136,,https://zhaojiaqi-new.s3.cn-north-1.jdcloud-oss.com/t2v_eval/t2v_v3_0808_qt_it478000_10s/0049.mp4
51,A green train slowly approaches from the distance.,物体,,,刚体位移,日常白话,,英文,8,,https://zhaojiaqi-new.s3.cn-north-1.jdcloud-oss.com/t2v_eval/t2v_v3_0808_qt_it478000_10s/0050.mp4
52,"A traveler walks into a serene forest at dawn, then arrives at a valley full of blooming flowers to admire the scenery. Several birds fly overhead in a flock, white clouds drifting by, tranquil and beautiful. Finally, he reaches a cliff edge and sees a waterfall cascading down the opposite mountain — magnificent and grand.","人物,自然景观",日常行为,,,日常白话,,英文,55,,https://zhaojiaqi-new.s3.cn-north-1.jdcloud-oss.com/t2v_eval/t2v_v3_0808_qt_it478000_10s/0051.mp4
53,"In the distance, snow-capped mountains; in focus, a little squirrel hibernating.",动物,,画面构图,静态/微动,叙述性描述,,英文,11,,https://zhaojiaqi-new.s3.cn-north-1.jdcloud-oss.com/t2v_eval/t2v_v3_0808_qt_it478000_10s/0052.mp4
54,"Cinematic shot at dusk, golden sky over Paris Champs-Élysées with classic European architecture. ",人造空间,,,静态/微动,叙述性描述,,英文,13,,https://zhaojiaqi-new.s3.cn-north-1.jdcloud-oss.com/t2v_eval/t2v_v3_0808_qt_it478000_10s/0053.mp4
55,"Close-up of an orange tabby cat lying in the grass, slowly opening its mouth for a big yawn, tongue visible. Medium shot of the cat rolling over belly-up, stretching with all four paws in the air, the pattern on its belly rising and falling with each breath. Close-up of sunlight warming the cat's face, eyes slowly squinting shut, ears twitching slightly as it drifts off to sleep.",动物,,,动物运动,叙述性描述,多镜头,英文,67,,https://zhaojiaqi-new.s3.cn-north-1.jdcloud-oss.com/t2v_eval/t2v_v3_0808_qt_it478000_10s/0054.mp4
56,"Suddenly, rain begins to fall from the sky, and raindrops land on the emerald green lotus leaves.",自然景观,,,流体/软体,日常白话,,英文,17,,https://zhaojiaqi-new.s3.cn-north-1.jdcloud-oss.com/t2v_eval/t2v_v3_0808_qt_it478000_10s/0055.mp4
57,The panda is eating bamboo.,动物,,,动物运动,日常白话,,英文,5,,https://zhaojiaqi-new.s3.cn-north-1.jdcloud-oss.com/t2v_eval/t2v_v3_0808_qt_it478000_10s/0056.mp4
58,一只金毛犬在草坪上奔跑，镜头切换为侧面中景慢动作，捕捉犬只跃起接住飞盘的瞬间，最后展现犬只叼着飞盘回到主人脚边时摇尾的场景。,动物,,,动物运动,叙述性描述,"多镜头,时间操控",中文,62,,https://zhaojiaqi-new.s3.cn-north-1.jdcloud-oss.com/t2v_eval/t2v_v3_0808_qt_it478000_10s/0057.mp4
59,"Camera very close to the ground. A midsummer afternoon, sunlight casting shadows through venetian blinds. A golden retriever lies on the windowsill, breathing in and out, body gently expanding and contracting.",动物,,,动物运动,叙述性描述,,英文,31,,https://zhaojiaqi-new.s3.cn-north-1.jdcloud-oss.com/t2v_eval/t2v_v3_0808_qt_it478000_10s/0058.mp4
60,"A girl rides her bicycle through a cherry blossom tunnel, petals drifting down.",人物,日常行为,,,日常白话,,英文,13,,https://zhaojiaqi-new.s3.cn-north-1.jdcloud-oss.com/t2v_eval/t2v_v3_0808_qt_it478000_10s/0059.mp4
61,"A ten-year-old boy singing. First, a wide shot of a spacious cozy room. Then closer — the boy, average build, stands on tiptoe, waves his hands, body swaying with the song. Close-up on his face: deeply immersed, mouth following the lyrics, head nodding gently, expression innocent yet earnest.",人物,"表演艺术,情绪表情",,,叙述性描述,多镜头,英文,48,,https://zhaojiaqi-new.s3.cn-north-1.jdcloud-oss.com/t2v_eval/t2v_v3_0808_qt_it478000_10s/0060.mp4
62,"Using an 85mm prime lens at f/1.4, Steadicam smoothly follows a Peking Opera actress in a dark green qipao as she completes the final eyebrow stroke in her backstage dressing room. The lens pulls from an extreme hand close-up to a medium shot including the bronze mirror's reflection, with prop boxes and costumes forming soft bokeh layers.",人物,精细操作,画面构图,,专业影视语言,运镜,英文,57,,https://zhaojiaqi-new.s3.cn-north-1.jdcloud-oss.com/t2v_eval/t2v_v3_0808_qt_it478000_10s/0061.mp4
63,"基础设定】  

机器人清道夫：身形修长的人形机器人，1960年代原子朋克风格设计。拥有自主意识。面部led显示屏代替五官，显示马像素风格的表情（表情无动态效果，保持静帧显示，表情切换带有科幻感音效）。身穿美式西部牛仔复古风格的生棕色牛仔帽、黑色哑光高腰设计皮衣夹克、黑色哑光皮手套、牛仔腰带和枪套。 

非洲鸵鸟：成年非洲公鸵鸟，样貌看起来呆傻，双眼歪斜不对称，歪吐着舌头。 

雷管炸弹：圆柱体雷管炸弹，长15cm，直径5cm，顶部有按钮开关，按下按钮后启动，内部管铜线材开始充能发热，散发出橙红色高光，充能到达峰值后爆炸，爆炸威力巨大。 

丧尸：多只腐烂惊悚的丧尸，头发凌乱，皮肤溃烂，肤色灰白暗沉，布满破损伤口与污痕，眼球浑浊发白、瞳孔无光，露出尖锐泛黄的腐烂獠牙，表情狰狞；身着破乱不堪的海滩度假风和日常休闲装，皮肤与衣物沾满血渍与腐败肌理。 

场景：1960年代美式复古原子朋克城市街道，刚刚爆发丧尸危机，大战过后的城市，历过一场战斗的死寂。盛夏烈日当空，复古未来主义，复古乌托邦，冷战太空风流线型建筑，混乱场景，破损报废的复古老爷车，散落的报纸，地面有血渍，60年代临街商铺，圆润穹顶科幻楼宇。场景四处均有丧尸的尸体。

声音：不需要配乐，不要氛围音，仅保留同期声。  

【氛围与画质】  

风格核心：原子朋克、丧尸危机、末日爱情、电影级质感 、超写实、极致逼真、Photirealism-真人实景拍摄、杜绝游戏CG感、杜绝动作迟钝僵硬。凸显末日逃亡，惊险追逐的刺激感、危机感、紧迫感。 

视觉基调：变形宽荧幕电影质感。使用IMAX胶片摄影机，搭配Panavision C系列镜头（添加动态模糊）拍摄。 

色彩与影调：60年代复古科幻原子朋克美学，复古暖橙+海盐蓝高对比色调，胶片颗粒质感，低饱和度复古胶片滤镜，采用自然日光照明，强直射日光，自然日光光晕；画面明暗对比强烈，高光不过曝，暗部保留完整细节，明暗过渡自然，营造自然立体的光影氛围，带轻微复古胶片柔光质感。 

【画面内容】 

分镜：单镜头一镜到底。 

景别：近景。浅景深。长焦压缩空间。 构图：前景为鸵鸟脖子和机器人腰部以上位置，处于画面中心线右侧，占据画面二分之一面积；背景为城市街道以及远处追来的丧尸尸潮，处于画面中心线左侧。拉伸透视，人物主体与远方延伸的街道形成动态对角。 

运镜手法：固定机位，跟随随拍摄主体。 

画面内容：机器人面部LED屏幕保持蓝色冷酷表情，骑乘着鸵鸟面对镜头方向，位于街道中央，沿着笔直的公路狂奔，鸵鸟高速奔跑，翅膀微张，双脚交替蹬踏地面身体带有颠簸起伏，高速移动带有动态模糊感。在其身后的远处，有一片尾随着他们的丧尸尸潮，丧尸们面对镜头方向追杀机器人与鸵鸟。丧尸们嘶吼声此起彼伏，移动速率前后不一。街道上散落着触目惊心的尸体和血迹。机器人左手握住鸵鸟脖子，右手从身后掏出一根雷管炸弹，单手握持，右手大拇指用力按下顶部启动按钮，炸弹开始充能并发光，随即往身后高高抛出，右手顺势按压住自己帽子，轻微耸肩低头等待爆炸。片刻后炸弹从画面上方入画，精准的落在尸潮之中并爆炸。炸弹的威力惊人，爆炸的火光绚丽而巨大，丧尸们被炸飞，瞬间产生高能冲击波向四周扩散，卷起地面的灰尘与。爆炸后0.5秒，强劲的冲击波将鸵鸟与机器人瞬间推出画面。伴随迎面而来的强大推力，画面产生剧烈抖动与失焦。","人物,动物",,视觉特效,,专业影视语言,运镜,中文,1398,,https://zhaojiaqi-new.s3.cn-north-1.jdcloud-oss.com/t2v_eval/t2v_v3_0808_qt_it478000_10s/0062.mp4
64,A group of students doing morning calisthenics on a school playground.,人物,运动体育,多个体/群体画面,,日常白话,,英文,11,,https://zhaojiaqi-new.s3.cn-north-1.jdcloud-oss.com/t2v_eval/t2v_v3_0808_qt_it478000_10s/0063.mp4
65,A young woman walks into a bustling bar. The camera cuts to a man sitting on a barstool at the counter. Then back to the woman — a tracking shot follows as she sits down beside him and they begin drinking and chatting together.,人物,"日常行为,社会互动",,,专业影视语言,"运镜,多镜头",英文,44,,https://zhaojiaqi-new.s3.cn-north-1.jdcloud-oss.com/t2v_eval/t2v_v3_0808_qt_it478000_10s/0064.mp4
66,"Inside a chaotic Wall Street trading floor, a telephoto lens captures a close-up of a sweating trader shouting frantically into a phone; then, the frame fades out and cuts to a serene Texas farm, with a wide shot revealing an endless wheat field and an old farmer working quietly.",人物,"日常行为,情绪表情",,,专业影视语言,多镜头,英文,49,,https://zhaojiaqi-new.s3.cn-north-1.jdcloud-oss.com/t2v_eval/t2v_v3_0808_qt_it478000_10s/0065.mp4
67,阶梯教室里，清脆的下课铃声突然响了起来，镜头一开始特写在最前排一张写满笔记的课本上，一只拿着签字笔的手刚好在纸上重重划下最后一个重点；紧接着，镜头顺着这只手往上一抬，拍到这个大学生利索地合上书本、把包背在肩上站起身来；随后镜头开始平稳地在前面一边后退、一边平视跟拍，看着他和身边几个说说笑笑、互相打闹的同学一起涌出教室门；最后，镜头在走廊里顺势往旁边一转、拉开成全景，拍下整条走廊塞满了下课的学生、大家结伴走向阳光满地的校园大门，青春活力扑面而来。,人物,日常行为,多个体/群体画面,,专业影视语言,运镜,中文,224,,https://zhaojiaqi-new.s3.cn-north-1.jdcloud-oss.com/t2v_eval/t2v_v3_0808_qt_it478000_10s/0066.mp4
68,Fixed medium shot inside a busy coffee shop. Foreground: a barista's focused hands working on latte art. Background through the floor-to-ceiling window: pedestrians and traffic on the street. Dual narrative layers advance simultaneously.,人物,精细操作,画面构图,,专业影视语言,,英文,33,,https://zhaojiaqi-new.s3.cn-north-1.jdcloud-oss.com/t2v_eval/t2v_v3_0808_qt_it478000_10s/0067.mp4
69,"【Storyboard 1 - Close-up / Indoor Cool Lighting】
A close-up shot of a professional woman wearing a dark gray tailored suit and wireless earbuds in a bright modern office building. She organizes a stack of thick paper reports while speaking to the camera fluently and confidently. The interior features a large expanse of light tones with high-precision diffuse lighting, clearly defining the woman's facial structure, with realistic textures of the suit fabric's subtle patterns.

【Storyboard 2 - Full Shot / Outdoor Dynamic Public Space】
The scene transitions across a large spatial span through a smooth horizontal pan, cutting to a full shot of a morning rush-hour subway car. The woman remains composed amid the crowded commuter flow, with her face and suit assets maintaining absolute continuity across the time-space shift. She holds the overhead strap with one hand while using the other to adjust her glasses frame, engaging in natural dodging and social interactions with passing commuters.",人物,"日常行为,社会互动",,,分镜脚本,"运镜,多镜头",英文,154,,https://zhaojiaqi-new.s3.cn-north-1.jdcloud-oss.com/t2v_eval/t2v_v3_0808_qt_it478000_10s/0068.mp4
70,"As the final whistle blows, fireworks burst across the entire stadium. The shot begins with an extreme wide shot from the highest point of the stadium, capturing the sight of a hundred thousand fans in the stands celebrating like crashing waves. The camera then plunges downward like a rollercoaster, diving through flurries of golden confetti to ground level, panning level with the players who are running, shouting, and embracing each other in ecstatic joy. The lens then slides rightward along their running direction, sweeping past a kneeling, weeping opponent, and locks onto the team captain. The camera keeps moving, pushing in closer until it finally freezes on an extreme close-up of the captain kissing the World Cup trophy—the gleaming reflection of the golden cup and the tears on his face both vividly clear.",人物,"运动体育,情绪表情",多个体/群体画面,,专业影视语言,运镜,英文,133,,https://zhaojiaqi-new.s3.cn-north-1.jdcloud-oss.com/t2v_eval/t2v_v3_0808_qt_it478000_10s/0069.mp4
71,"An aerial shot pushes forward, flying through a tunnel beneath an urban elevated bridge.",人造空间,,,,专业影视语言,运镜,英文,14,,https://zhaojiaqi-new.s3.cn-north-1.jdcloud-oss.com/t2v_eval/t2v_v3_0808_qt_it478000_10s/0070.mp4
72,周围到处是爆炸的火光和浓烟，镜头就像人用手拿着摄像机一样，一颠一颠地死死跟着一个满脸是血和泥的卫生员（中景）。他正背着一个受伤的战友，在炸出来的泥坑和废墟里拼命往前跑，两边不断有泥土和石头被炸飞起来；突然，身边又是一声大爆炸，镜头跟着猛地一晃，顺势转了个180度的大弯，拍到后方正开枪掩护他们的几个战友；随后镜头在跑动中猛地往前一拉，特写对准卫生员咬紧牙齿、满脸汗水的大脸；最后，当他们终于扑进安全的战壕里，镜头开始慢慢往后拉远，穿过破墙，把整片冒着黑烟、被炸成废墟的城市大远景全部拍了下来。,人物,"极限动作,情绪表情",,,专业影视语言,运镜,中文,246,,https://zhaojiaqi-new.s3.cn-north-1.jdcloud-oss.com/t2v_eval/t2v_v3_0808_qt_it478000_10s/0071.mp4
73,Medium shot of a clock ticking steadily.,物体,,,静态/微动,叙述性描述,,英文,7,,https://zhaojiaqi-new.s3.cn-north-1.jdcloud-oss.com/t2v_eval/t2v_v3_0808_qt_it478000_10s/0072.mp4
74,A watch fell to the ground and broke into pieces.,物体,,,刚体位移,日常白话,,英文,10,,https://zhaojiaqi-new.s3.cn-north-1.jdcloud-oss.com/t2v_eval/t2v_v3_0808_qt_it478000_10s/0073.mp4
75,"On the Gobi Desert, a low-angle upward shot captures a massive launch vehicle igniting and lifting off with a thunderous roar. Then a transition to high altitude — a panoramic shot captures the rocket booster separating and tracing an arc. Next, the scene cuts to ground mission control showing orbital data flickering on a large screen.",物体,,,刚体位移,专业影视语言,多镜头,英文,56,,https://zhaojiaqi-new.s3.cn-north-1.jdcloud-oss.com/t2v_eval/t2v_v3_0808_qt_it478000_10s/0074.mp4
76,"Wide-angle lens — a custom snow vehicle races across vast snowfields, continuously kicking up crystalline snow. Then the camera cuts to the cockpit interior where the driver grips the steering wheel with furrowed brow, flooring the accelerator without slowing down.","人物,物体",,,刚体位移,专业影视语言,多镜头,英文,40,,https://zhaojiaqi-new.s3.cn-north-1.jdcloud-oss.com/t2v_eval/t2v_v3_0808_qt_it478000_10s/0075.mp4
77,使用古风动漫风格制作【项羽想要东渡乌江。乌江亭长停船靠岸，催项羽快快渡江。项王笑了笑说“我知道您是位忠厚长者，我就不回去了，这乌骓马送你了。然后转身独自面对追兵】,人物,"日常行为,社会互动",风格化,,日常白话,,中文,81,,https://zhaojiaqi-new.s3.cn-north-1.jdcloud-oss.com/t2v_eval/t2v_v3_0808_qt_it478000_10s/0076.mp4
78,High-speed photography captures a ceramic plate shattering on impact with the ground.,物体,,,形态变化,叙述性描述,时间操控,英文,12,,https://zhaojiaqi-new.s3.cn-north-1.jdcloud-oss.com/t2v_eval/t2v_v3_0808_qt_it478000_10s/0077.mp4
79,"Under warm light, the camera captures in close-up the delicate drape of a black acetate skirt, revealing its understated satin sheen like black obsidian. The lens follows the wave-like fabric creases downward, documenting the flowing silver quality as the hem sways in the breeze, then pulls back to a medium shot freezing its light, luxurious fluidity.",物体,,材质质感,流体/软体,专业影视语言,运镜,英文,56,,https://zhaojiaqi-new.s3.cn-north-1.jdcloud-oss.com/t2v_eval/t2v_v3_0808_qt_it478000_10s/0078.mp4
80,"Macro zoom shot of silk, then hard cut to rough rocks.",物体,,材质质感,,专业影视语言,"运镜,多镜头",英文,11,,https://zhaojiaqi-new.s3.cn-north-1.jdcloud-oss.com/t2v_eval/t2v_v3_0808_qt_it478000_10s/0079.mp4
81,"An art studio — somewhat messy but cozy. As the figure walks toward the canvas, the camera cuts to an extreme macro close-up capturing multiple paint tubes squeezing thick pigment onto the white canvas surface.","人物,物体",日常行为,材质质感,,专业影视语言,多镜头,英文,35,,https://zhaojiaqi-new.s3.cn-north-1.jdcloud-oss.com/t2v_eval/t2v_v3_0808_qt_it478000_10s/0080.mp4
82,"The frame passes through spring, summer, autumn, winter, then future city.","自然景观,人造空间",,,,叙述性描述,时间操控,英文,11,,https://zhaojiaqi-new.s3.cn-north-1.jdcloud-oss.com/t2v_eval/t2v_v3_0808_qt_it478000_10s/0081.mp4
83,"Afternoon sunlight streams onto the rug in the living room. A small orange cat is napping peacefully, but suddenly its ears twitch and it opens its eyes. Next, the camera frames the cat getting up and taking a big, long stretch. After that, it walks with quiet, stealthy steps toward a small ball on the floor. It extends its front paw and gives the toy a sharp swat. As the ball rolls away, the cat immediately arches its back, entering a defensive stance. Right after, it playfully spins around in circles right where it is. Then, it lowers its body, wiggling its hindquarters as it prepares to pounce. Finally, it makes a sudden leap forward and bites down hard on a plush toy mouse.",动物,,,动物运动,叙述性描述,,英文,124,,https://zhaojiaqi-new.s3.cn-north-1.jdcloud-oss.com/t2v_eval/t2v_v3_0808_qt_it478000_10s/0082.mp4
84,一段充满梦幻色彩的电影级连续长镜头。深夜迷雾缭绕的原始森林里，清冷的月光穿透茂密的树冠，在铺满青苔的地面上洒下斑驳的软阴影。镜头从宏大的远景平滑切入低角度追踪，聚焦在一只长着柔软棕色毛发与微缩鹿角的鹿身上。它以一种欢快、富有节奏感的步伐在绿茸茸的青苔间轻盈跳跃，在穿过盘根错节的古老树干时，它灵敏地抖动着双耳，精致的骨质鹿角在月光下勾勒出柔和的轮廓。摄像机紧贴地面，随着它在扭曲的树根迷宫间灵活穿梭，带起空气中微微飞扬的青苔碎屑与柔和的月落光晕；最终，镜头缓缓向后、向上升起拉远，注视着这个娇小灵动的背影逐渐隐没在月光与薄雾交织的森林深处，整片自然世界再度回归诗意与宁静。超现实主义梦幻氛围，细腻毛发渲染，浅景深，8k，大师级光影构图。,"动物,自然景观",,画面构图,动物运动,专业影视语言,运镜,中文,318,,https://zhaojiaqi-new.s3.cn-north-1.jdcloud-oss.com/t2v_eval/t2v_v3_0808_qt_it478000_10s/0083.mp4
85,"Sunlight pours into an old house's living room. Curtain shadows spill across the floor, a steaming tea cup on the coffee table reflects the window, a family portrait on the wall is illuminated, a rocking chair sways gently, and a small dog lounges lazily by the window.",人造空间,,画面构图,静态/微动,日常白话,,英文,47,,https://zhaojiaqi-new.s3.cn-north-1.jdcloud-oss.com/t2v_eval/t2v_v3_0808_qt_it478000_10s/0084.mp4
86,"[Shot 1 - Low Angle / Forest Volumetric Light]
A low-angle shot looking up at a primeval forest in the early morning. Morning sunlight penetrates the dense fog, forming distinct Tyndall beams (volumetric light rays) that project precisely onto the damp moss and dew on the ground.

[Shot 2 - Extreme Long Shot / Aurora and Reflections]
An extreme long shot depicting an Icelandic black sand beach under the polar night. Vibrant emerald and deep violet auroras dance like silk across the night sky, reflected in the mirror-like black tide below.

[Shot 3 - Medium Shot / Architectural Geometric Shadows]
Cut to a medium shot of a minimalist building interior. The harsh mid-day sun refracts through huge Venetian blinds, casting a sharp, high-contrast matrix of black-and-white linear shadows across the marble floor and white walls.

[Shot 4 - Zoom Out / Freeze-Frame Silhouette at Sunset]
The camera pulls back extremely slowly. The black-and-white shadows are swallowed by the blood-red sun slowly sinking outside the window. The entire building is carved into a stark silhouette, freezing in the red glow.","自然景观,人造空间",,画面构图,,分镜脚本,"运镜,多镜头,时间操控",英文,172,,https://zhaojiaqi-new.s3.cn-north-1.jdcloud-oss.com/t2v_eval/t2v_v3_0808_qt_it478000_10s/0085.mp4
87,我现在正在参加端午奇境的ai创意大赛，要求以「古人/文物/非遗等传统文化搞笑复活」为主题开脑洞整活，如文物下班吵架、文物复活怼人、古人怼人、古人穿越现代搞抽象，内容形式搞笑段子或脑洞剧情生成一段视频，要求符合要求，剧情连贯,人物,,概念重组,,日常白话,,英文,1,,https://zhaojiaqi-new.s3.cn-north-1.jdcloud-oss.com/t2v_eval/t2v_v3_0808_qt_it478000_10s/0086.mp4
88,"An elderly couple on a park bench sitting side by side, close-up of their clasped hands, walking along a tree-lined path, low-angle shot with falling leaves in the foreground.",人物,日常行为,,,叙述性描述,多镜头,英文,29,,https://zhaojiaqi-new.s3.cn-north-1.jdcloud-oss.com/t2v_eval/t2v_v3_0808_qt_it478000_10s/0087.mp4
89,"A first-time gym-goer girl, filled with curiosity about all the equipment, moves through the space testing out 5 different machines in sequence. The camera tracks her movement, capturing each machine from a distinct angle and perspective.",人物,运动体育,,,叙述性描述,运镜,中文,238,,https://zhaojiaqi-new.s3.cn-north-1.jdcloud-oss.com/t2v_eval/t2v_v3_0808_qt_it478000_10s/0088.mp4
90,清晨的写字楼前，低角度仰摄外卖员推开玻璃大门疾步走出（镜1）。画面采用跟镜头，尾随他跨上电动车并拧大油门（镜2）。随后镜头拉高，俯瞰电动车穿梭在拥堵的十字路口（镜3）。下一秒，转场至写字楼电梯内，主观视角凝视着不断上升的楼层数字（镜4）。电梯门开，急推镜头捕捉他将外卖递给前台的一瞬间（镜5）。紧接着切至商场档口，中景拍摄他接过下一单热气腾腾的黄焖鸡（镜6）。画面再切，特写调速拍摄暴雨砸在他头盔面罩上的水花（镜7）。最后，全景定格在夜幕下他推着没电的电动车走在空旷街道上的落寞背影（镜8）。,人物,日常行为,,,分镜脚本,"运镜,多镜头,时间操控",中文,246,,https://zhaojiaqi-new.s3.cn-north-1.jdcloud-oss.com/t2v_eval/t2v_v3_0808_qt_it478000_10s/0089.mp4
91,"生成一支15秒高燃夏日商业广告短片，主题是“京东秒送与京东物流前置仓，解决酒水即时零售履约难题”。整体视觉使用京东品牌红作为主色调点缀，画面明亮、高级、专业，有商业广告质感。开场是炎热夏日，城市热浪翻滚，消费者在家中或办公室口渴难耐，想立刻喝到冰镇啤酒和冰饮。画面快速切换酒水即时零售的履约痛点：传统门店点位有限、线下开店慢，门店订单忙乱、拣货慢，多渠道库存不同步，SKU批次混乱，夜间订单运力不足，整箱啤酒很重且易碎，夏季高温需要低温保冷。痛点画面要用快节奏蒙太奇表现，带一点红色预警视觉。随后画面切换为京东解决方案：一边是品牌门店、授权酒水零售门店线上接单，京东骑手到店取货，实现门店秒送；另一边是京东物流共享前置仓，作为城市近场履约节点，储备冰镇啤酒、冰饮和冰品。镜头进入干净、高效、有科技感的京东物流前置仓，拣货员打开冷库，大量白色冷气喷涌，从低温货架中取出冰镇啤酒、冰饮和冰品，瓶身有冰霜和水珠。拣货员用测温枪检测温度，画面预留位置用于后期添加“-10℃”。最后展示专业保温袋、冰袋、防震包装和冷链耗材，突出冷库直出、专业包装、即时履约。

骑手、仓库、订单动效中加入京东品牌红元素，但不要依赖模型生成准确中文Logo。整体要体现：门店上翻 + 共享前置仓，帮助酒水品牌快速进入即时零售。
","人物,物体,人造空间",日常行为,多个体/群体画面,,专业影视语言,"运镜,多镜头",英文,3,,https://zhaojiaqi-new.s3.cn-north-1.jdcloud-oss.com/t2v_eval/t2v_v3_0808_qt_it478000_10s/0090.mp4
92,"【分镜 1】这是一个完全模仿一个小偷眼睛看世界的第一人称视角。视角非常低，正贴着戒备森严的博物馆通风管道快速往前爬行，透过铁栅栏，看到下方走廊一双巡逻保安的黑色皮鞋缓缓走过。
【分镜 2】小偷用手推开栅栏，视角猛地向下一跳，稳稳落在大理石地面上。正前方的防盗玻璃柜里锁着一颗巨大的红色宝石，视角猫着腰快速靠近，用手里的激光切割器啪地一下切开玻璃，一把抓起红宝石。
【分镜 3】博物馆的警报红灯瞬间疯狂闪烁。视角剧烈一晃，推开一扇安全通道的大门钻了出去，来到了下着暴雨的室外高空天台，顺着陡峭的钢架在狂风中拼命往边缘奔跑，面对前方赶来拦截的警察，视角在天台边缘纵身一跃跳向夜空。
【分镜 4】视角在半空中划过一道漫长的坠落抛物线，两边的城市霓虹灯光飞速倒退。紧接着“嘭”的一声巨响，视角稳稳地落在了下方正在疾驰的黑色货车车厢软蓬上，软蓬被砸得深深凹陷下去又弹起。
【分镜 5】视角慢慢抬起，看向开向远方的漆黑夜空。那颗巨大的红宝石正被紧紧握在手里，在夜色中反射着后方警车追来的红光，货车越开越快，逐渐甩掉了警车。",人物,极限动作,,,分镜脚本,"运镜,多镜头",中文,455,,https://zhaojiaqi-new.s3.cn-north-1.jdcloud-oss.com/t2v_eval/t2v_v3_0808_qt_it478000_10s/0091.mp4
93,Dolly push-pull shooting a spinning gyroscope. Shallow depth of field bearing close-up. Overhead mechanical panorama. Lateral tracking with gear bokeh.,物体,,,刚体位移,专业影视语言,"运镜,多镜头",英文,20,,https://zhaojiaqi-new.s3.cn-north-1.jdcloud-oss.com/t2v_eval/t2v_v3_0808_qt_it478000_10s/0092.mp4
94,"Shot 1 (Extreme Close-Up):
In a silent, pitch-black frame, a beam of icy ultraviolet probe laser suddenly pierces down. The scene opens with a millimeter-scale extreme close-up, focusing strictly on a single grain of red Martian sand.

Shot 2 (Microscopic Push-in):
Defying conventions, the camera pushes in like a microscope, plunging infinitely deeper beyond what the naked eye can see. The rocky texture on the sand's surface begins to magnify endlessly, looming like a vast earthbound grand canyon before our eyes.

Shot 3 (Panning / Tracking Sweep):
The microscopic lens glides smoothly across the coarse surface of mineral crystals, reflecting metallic shades of dark red and ethereal blue. The dried-up iron oxide crystals wedged in the crevices resemble bone-dry ancient riverbeds.

Shot 4 (Rack Focus):
The camera holds its position, rapidly shifting focus through an extremely shallow depth of field. Shifting away from the blurred tip of the surface dust, it suddenly locks onto an unknown mineral particle glimmering with an eerie, faint glow deep within.

Shot 5 (Action Capture):
A micro-airburst from the probe's mechanical arm blows across. Under the close-up lens, a few specks of Martian dust—tens of thousands of times finer than flour—hover weightlessly in the vacuum, rotating slowly like a miniature red nebula in deep space.

Shot 6 (Smooth Pull-out):
The camera begins to pull back steadily as the field of view expands. The canyon-like textures converge once more, transforming back into minerals, and finally into rock.

Shot 7 (Wide Shot Freeze-Frame):
The camera pulls all the way back to reveal a full wide shot of the probe's base. That seemingly ordinary grain of red sand rests quietly on a metallic stage, framed against the desolate, silent, and endless orange-red Martian desert stretching beyond the rover's wheels.",物体,,材质质感,,分镜脚本,"运镜,多镜头,时间操控",英文,278,,https://zhaojiaqi-new.s3.cn-north-1.jdcloud-oss.com/t2v_eval/t2v_v3_0808_qt_it478000_10s/0093.mp4
95,"A red car drives out of a small town. It then enters a winding mountain road, weaving through dense forests. Next, it reaches a highway and accelerates smoothly forward. The car then enters a busy city street, briefly stopping at a traffic light. When the light turns green, it continues its journey, crossing a long sea bridge. It then arrives at a port and slowly drives onto a roll-on/roll-off (Ro-Ro) cargo ship. After the ship reaches another city, the car drives off the vessel and continues toward the horizon, heading into the sunset.
",物体,,,刚体位移,叙述性描述,,英文,93,,https://zhaojiaqi-new.s3.cn-north-1.jdcloud-oss.com/t2v_eval/t2v_v3_0808_qt_it478000_10s/0094.mp4
96,下着大雨的十字路口车来车往。第一个镜头从人行道角度拍车辆经过时溅起的大片水花。第二个镜头对准一辆公交车缓缓进站，车门打开有乘客撑伞下车。第三个镜头拍红绿灯变换，一群打伞的人开始过马路。第四个镜头是一辆外卖电动车快速穿过车流，雨水从骑手头盔上不断滑落,"人物,物体",日常行为,多个体/群体画面,,分镜脚本,多镜头,中文,124,,https://zhaojiaqi-new.s3.cn-north-1.jdcloud-oss.com/t2v_eval/t2v_v3_0808_qt_it478000_10s/0095.mp4
97,厨房台面上放着一碗刚煮好的拉面冒着热气。第一个镜头从侧面拍汤面金黄透亮上面飘着葱花和海苔。第二个镜头换到正上方俯拍，能看到面条和溏心蛋。第三个镜头拍筷子夹起面条拉得很长还在滴汤汁。第四个镜头是一个人开始大口吃面，碗里冒出更多热气,"人物,物体",日常行为,,流体/软体,分镜脚本,多镜头,中文,114,,https://zhaojiaqi-new.s3.cn-north-1.jdcloud-oss.com/t2v_eval/t2v_v3_0808_qt_it478000_10s/0096.mp4
98,采用微距拍摄，在一间自然光充足的木工工作台上记录一把手工日本折刀从毛坯到成品的打磨过程。第一个镜头以俯拍广角展现工作台全貌——砂纸、磨石、矿物油瓶和半成品刀胚整齐排列，侧窗自然光在金属表面形成反光。第二个镜头切为侧面中景，匠人手持刀胚在1000目水磨石上反复推拉，水膜在钢面上形成乳白色浆液。第三个镜头以45度角微距特写捕捉刀刃与磨石接触面的摩擦细节——金属碎屑混入水中呈现灰黑色纹路，刃口的打磨线从粗糙逐渐变为镜面平行纹。第四个镜头切到正面平视角度，匠人将刀胚换至3000目精磨石，慢动作呈现每一次推磨时钢面光泽从亚光渐变为半镜面的过程。第五个镜头为顶部垂直俯拍，一滴矿物油从瓶口落至刀面并缓慢铺展开来，油膜使钢材的大马士革锻纹瞬间显现——层叠的明暗纹理如同水墨山峦。第六个镜头以超微距拍摄刀刃最终锋利度测试——一根悬空的发丝轻触刃口即被无声切断，焦平面精确锁定在刃口0.3mm范围内。第七个镜头缓慢拉远至中景收尾，成品折刀立在黑色绒布上，刀身反射出窗外树影的倒像，背景为柔焦的工具墙和散落的木屑。,"人物,物体",精细操作,材质质感,,分镜脚本,"运镜,多镜头,时间操控",中文,450,,https://zhaojiaqi-new.s3.cn-north-1.jdcloud-oss.com/t2v_eval/t2v_v3_0808_qt_it478000_10s/0097.mp4
99,"Professional BBC Earth style multi-camera broadcast. Shot 1: Telephoto 600mm close-up focusing on a snow leopard’s dilated pupils amidst a blizzard. Shot 2: Instant matching-cut to a high-speed 120fps FPV drone sweep, tracking the leopard mid-air as it launches across a 20-foot canyon. Perfect muscle deformation, lifelike fur physics, crisp volumetric snow particles.",动物,,,动物运动,专业影视语言,"运镜,多镜头",中文,369,,https://zhaojiaqi-new.s3.cn-north-1.jdcloud-oss.com/t2v_eval/t2v_v3_0808_qt_it478000_10s/0098.mp4
100,镜头从作家笔尖的特写开始，缓慢拉远至书房全景。书稿文字化为三维冒险游戏景观，铠甲角色在书桌上跃动。画面通过后退镜头展示书房与动态游戏场景的完美重叠，呈现文学与游戏的宏大交汇。,"人物,物体",,概念重组,,叙述性描述,运镜,中文,87,,https://zhaojiaqi-new.s3.cn-north-1.jdcloud-oss.com/t2v_eval/t2v_v3_0808_qt_it478000_10s/0099.mp4
101,"
[Shot 1 - Macro Close-Up to Smooth Crane Down]
The scene opens with a macro close-up of a few crystal-clear snowflakes gently drifting downward. The camera glides softly and smoothly into a downward dive, gradually revealing a group of children in colorful knit caps. On the snow, they cheerfully work together to build a round, chubby snowman, while nearby, a lively snowball fight unfolds, with powdery snow spraying clearly into the air.

[Shot 2 - Medium Shot / Center Focus]
At the center of the frame, a roaring orange-red bonfire crackles, sending bright sparks flying into the deep blue night sky. Surrounding the fire, adults rhythmically beat leather drums, their bodies swaying gently to the cadence. The vivid firelight dances across their faces, illuminating their warm, ruddy complexions.

[Shot 3 - Smooth Zoom Out / High-Contrast Wide Shot]
The camera pulls back steadily into a sweeping panorama. The entire village is nestled in the striking contrast between the cool blue snowscape and the warm glow of the bonfire, conveying a sense of profound stillness and peace.",人物,"日常行为,社会互动,表演艺术",多个体/群体画面,,分镜脚本,"运镜,多镜头",英文,171,,https://zhaojiaqi-new.s3.cn-north-1.jdcloud-oss.com/t2v_eval/t2v_v3_0808_qt_it478000_10s/0100.mp4
102,深入蜂巢内部的视角。无数完美的六边形蜂蜡巢房紧密排列。一只工蜂爬过巢房表面，用前足将蜂蜡碎屑推入缝隙。镜头跟随它移动到一个充满金黄蜂蜜的巢房前，蜂蜜表面有气泡缓缓上升破裂。另一只工蜂从旁边的巢房中探出头来，触角与第一只蜂短暂接触后，两只蜂各自离开。镜头后拉，展现大片巢房中蜂蜜、蜂蛹和花粉的分区。,"动物,物体",,,动物运动,专业影视语言,运镜,中文,148,,https://zhaojiaqi-new.s3.cn-north-1.jdcloud-oss.com/t2v_eval/t2v_v3_0808_qt_it478000_10s/0101.mp4
103,拳击馆内，两名亚洲拳击手在擂台上激烈对攻，裁判在一旁紧盯。画面左侧拳手连出三记刺拳逼近，右侧拳手后仰躲过后反击一记右勾拳，击中对方面部，汗水和护齿飞出。被击中者踉跄后退撞上围绳反弹回来，顺势抱住对手进入缠斗。裁判上前分开两人。镜头切到场边，教练拍打围绳大声指导，旁边的拳击队员集体起身呐喊。切回擂台，左侧拳手组合拳爆发，上勾拳命中下巴，右侧拳手双腿发软单膝跪地，裁判开始读秒。,人物,运动体育,打斗场景,,叙述性描述,多镜头,中文,188,,https://zhaojiaqi-new.s3.cn-north-1.jdcloud-oss.com/t2v_eval/t2v_v3_0808_qt_it478000_10s/0102.mp4
104,水下峡谷中，缕缕阳光穿透水面。一头鲸鱼在珊瑚峭壁间轻柔游弋。镜头以俯拍水面波动的阳光开场，缓慢下摇，从阴影中浮现鲸鱼庞大的身躯。当它完全游入视野时，它似乎被前方吸引。此时，一群色彩鲜艳的热带鱼正从珊瑚礁缝隙中涌出，它们并未惊慌，而是好奇地环绕在鲸鱼巨大的身躯周围。鲸鱼与鱼群和谐共舞。展现环境的浩瀚尺度。最后一秒，鲸鱼微微转身，鱼群随之散开又聚拢，阳光在它们身上折射出耀眼的光芒。氛围神秘、壮丽且充满生机。,动物,,多个体/群体画面,动物运动,专业影视语言,运镜,中文,203,,https://zhaojiaqi-new.s3.cn-north-1.jdcloud-oss.com/t2v_eval/t2v_v3_0808_qt_it478000_10s/0103.mp4
105,"采用中景侧位，捕捉四名中国女孩在阳光灿烂的草坪上玩""编花篮""游戏，各自把左腿叠在一起围成圈。切至脚部特写，四双鞋交错叠放，裙摆在风中轻摆。切回全景，她们笑着开始单脚跳动。",人物,社会互动,,,专业影视语言,多镜头,中文,85,,https://zhaojiaqi-new.s3.cn-north-1.jdcloud-oss.com/t2v_eval/t2v_v3_0808_qt_it478000_10s/0104.mp4
106,广角镜头从雨林边缘低空切入，掠过参天古树盘根错节的根部后缓慢上升，穿过第一层树冠。途中一群鸟受惊从枝头腾飞，镜头短暂侧倾追踪鸟群方向。一只巨嘴鸟落在枝头，抖动羽毛。镜头继续上升穿过第二层树冠，一条绿色树蛇沿枝干滑行消失在叶丛中。拉高至鸟瞰视角，展现层叠的绿色树冠与蜿蜒林间溪流。突然一阵暴雨倾泻而下，雨滴击打树叶溅出白雾，溪流水位迅速上涨，冲刷岸边泥土卷走落叶。镜头在雨幕中缓缓后退，雨林全貌在水雾中若隐若现。,"动物,自然景观",,画面构图,动物运动,专业影视语言,运镜,中文,205,,https://zhaojiaqi-new.s3.cn-north-1.jdcloud-oss.com/t2v_eval/t2v_v3_0808_qt_it478000_10s/0105.mp4
107,"2D animation style. Inside a kindergarten classroom, a teacher holds a picture book and reads aloud, turning a page to display a giant dragon illustration. The camera pushes in from a panoramic view of the classroom to a close-up of the children's faces, their expressions shifting from curiosity to surprise. A boy raises his hand to ask a question, and the teacher bends down to answer while turning to the next page. Another girl suddenly stands up, imitating the dragon from the picture book by waving her arms and baring her teeth, causing the children around her to burst into laughter, with one sliding off their chair. The teacher claps to signal silence, walks over to an easel, picks up colored markers, and begins sketching the outline of a dragon. Three children crowd around, eager to help color, and paint gets smudged onto one child's face. The camera pulls back to a panoramic view of the classroom,",人物,"社会互动,情绪表情",多个体/群体画面,,专业影视语言,运镜,英文,157,,https://zhaojiaqi-new.s3.cn-north-1.jdcloud-oss.com/t2v_eval/t2v_v3_0808_qt_it478000_10s/0106.mp4
108,"Fisheye lens, low-angle close-up. A group of Caucasian men and women are gathered around a circular hole in a white wall, looking down with expressions of surprise and curiosity. A blond man in black holds a brown paper bag, opens it, and pulls out a glowing object that illuminates all their faces in blue light. Gasps ripple through the group. A woman reaches in to touch it but pulls back. The man tips the bag and small luminous spheres spill out, bouncing across the floor. Several people scramble to catch them. One sphere rolls directly toward the camera lens. Cut to reverse angle from inside the hole looking up at the group, their silhouettes framed against the ceiling lights.","人物,物体","社会互动,情绪表情",视觉特效,,专业影视语言,多镜头,英文,119,,https://zhaojiaqi-new.s3.cn-north-1.jdcloud-oss.com/t2v_eval/t2v_v3_0808_qt_it478000_10s/0107.mp4
109,"A cinematic reverse dolly shot gliding through the interior of a Tesla gigafactory. Rows of sophisticated robotic arms are seen methodically
assembling car chassis on a slow-moving production line. The environment
features bright, clinical lighting, polished metallic surfaces, and a vast,
organized industrial layout that stretches deep into the background as the
camera pulls back smoothly.","物体,人造空间",,材质质感,刚体位移,专业影视语言,运镜,英文,52,,https://zhaojiaqi-new.s3.cn-north-1.jdcloud-oss.com/t2v_eval/t2v_v3_0808_qt_it478000_10s/0108.mp4
110,"Macro shot of a rock covered in thick moss. The camera slowly tracks across the surface. A beetle emerges from between the moss leaves and crawls over the rocky terrain. Morning dewdrops cling to the moss tips; as the beetle brushes past a stem, a droplet detaches and rolls down the rock face. The camera follows the droplet into a crevice where tiny fungi glow faintly in the shadow. A snail's trail of slime glistens across the rock surface, and the snail itself comes into view at the edge of frame, its tentacles probing the moss.",动物,,材质质感,动物运动,专业影视语言,运镜,英文,96,,https://zhaojiaqi-new.s3.cn-north-1.jdcloud-oss.com/t2v_eval/t2v_v3_0808_qt_it478000_10s/0109.mp4
111,"A focused female engineer in her mid-30s, wearing professional attire, meticulously adjusts the control dial on a sleek industrial 3D printer. The scene is set in a modern, clean-tech laboratory where a soft blue light from the machine's interface illuminates her hands and steady gaze, capturing the micro-movements of her fingers as she fine-tunes the settings.",人物,日常行为,画面构图,,叙述性描述,,英文,56,,https://zhaojiaqi-new.s3.cn-north-1.jdcloud-oss.com/t2v_eval/t2v_v3_0808_qt_it478000_10s/0110.mp4
112,"Against the backdrop of the vast African savanna, a cheetah spots a gazelle and crouches low in the tall grass. It explodes into a sprint. Cut to the gazelle's side as it leaps and zigzags desperately. Cut back to the cheetah closing the gap, muscles rippling. The camera tracks alongside the chase at ground level.",动物,,,动物运动,专业影视语言,"运镜,多镜头",英文,55,,https://zhaojiaqi-new.s3.cn-north-1.jdcloud-oss.com/t2v_eval/t2v_v3_0808_qt_it478000_10s/0111.mp4
113,"A high-angle camera slowly orbits a group of architects and designers gathered around a modern illuminated digital table, engaged in passionate discussion. Suddenly, they burst into laughter and begin applauding one another enthusiastically.",人物,社会互动,,,专业影视语言,运镜,英文,33,,https://zhaojiaqi-new.s3.cn-north-1.jdcloud-oss.com/t2v_eval/t2v_v3_0808_qt_it478000_10s/0112.mp4
114,"A cinematic drone shot slowly gliding over a vast Antarctic ice shelf, revealing the intricate patterns of deep blue crevasses. Cut to a ground-level shot of a research team walking across the ice, their breath visible in the freezing air. Cut back to aerial view showing the immense frozen horizon under a clear, cold sky.","人物,自然景观",日常行为,,,专业影视语言,"运镜,多镜头",英文,55,,https://zhaojiaqi-new.s3.cn-north-1.jdcloud-oss.com/t2v_eval/t2v_v3_0808_qt_it478000_10s/0113.mp4
115,"A wide-angle cinematic shot from a low-angle perspective looking up at a mysterious masked figure floating at the center of an ancient stone circle. Under the moonlight, intricate runes glow on the cloak. The figure slowly raises both arms, and the runes pulse brighter. The camera orbits around the circle.",人物,日常行为,视觉特效,,专业影视语言,运镜,英文,50,,https://zhaojiaqi-new.s3.cn-north-1.jdcloud-oss.com/t2v_eval/t2v_v3_0808_qt_it478000_10s/0114.mp4
116,"中景，平视机位，人物居中构图，一名22岁亚洲年轻女性坐在午后窗边浏览手机，柔和自然侧光透过纱帘洒在脸上，镜头缓慢向前推进。她看到一条消息后嘴角轻轻扬起，眼神逐渐柔和，露出克制而真实的微笑。
面部特写，镜头继续缓慢推近，背景自然虚化，她缓缓放下手机，笑容一点点收敛，眼眶逐渐湿润，鼻尖轻微泛红，呼吸略微加深，眼里泛起泪光，努力控制情绪。
近景，镜头稳定停留，她轻轻擦去滑落的一滴眼泪，重新望向窗外，嘴角再次扬起，露出温暖而释然的微笑，午后阳光勾勒人物轮廓，整体呈现电影级摄影质感，真实微表情，细腻皮肤纹理，自然色彩，浅景深，无AI生成痕迹。",人物,情绪表情,画面构图,,专业影视语言,"运镜,多镜头",中文,269,,https://zhaojiaqi-new.s3.cn-north-1.jdcloud-oss.com/t2v_eval/t2v_v3_0808_qt_it478000_10s/0115.mp4
117,"A young Asian woman sitting by a window, looking at a notification popping up on her phone, going from happy to moved to tears.",人物,情绪表情,,,日常白话,,英文,24,,https://zhaojiaqi-new.s3.cn-north-1.jdcloud-oss.com/t2v_eval/t2v_v3_0808_qt_it478000_10s/0116.mp4
118,"Medium shot, eye-level angle, symmetrical composition. A 42-year-old Caucasian middle-aged male is sitting in a modern office reading documents. The space is evenly illuminated by cool natural window light and overhead office lights. The camera is steady, following the subject and slowly zooming in. He looks focused, gradually frowning as he reads, naturally leaning forward, his right hand slowly clenching the document, his shoulders tightening, and his breathing becoming heavier.
Medium close-up, the camera continues to advance, the background gradually blurring. He finds critical information in the document, his jaw tensing.
Close-up of eyes, his gaze becomes sharp, his body weight continues to shift forward, his fist tightens, and his entire being enters a state of tension before an emotional outburst.
Medium shot, the camera follows the character's movement. He suddenly stands up, slamming the document onto the desk. Arms, shoulders, and back collaborate to apply force, his body quickly leaning forward. The hem of his suit swings naturally with the movement, and the documents on the desk vibrate slightly. The motion is continuous and powerful.
Close-up, the camera slowly steadies. He closes his eyes, takes a deep breath, slowly unclinches his fist, tidies up the scattered documents, and sits back down. His shoulders gradually relax, his expression regaining control and calm. Ultra-realistic cinematic cinematography, authentic human dynamics, realistic fabric physics simulation, natural lighting and shadows, cinematic depth of field.",人物,"日常行为,情绪表情",,,专业影视语言,"运镜,多镜头",英文,226,,https://zhaojiaqi-new.s3.cn-north-1.jdcloud-oss.com/t2v_eval/t2v_v3_0808_qt_it478000_10s/0117.mp4
119,"A foreign man in his 40s is sitting in an office reading documents. Initially calm, he becomes increasingly angry as he reads—his body gradually leaning forward and his grip on the papers tightening. Suddenly, he stands up and slams the documents heavily onto the desk. A moment later, he takes a deep breath, slowly calms himself down, tidies the papers on the desk, and sits back down. The entire sequence of movements looks authentic and natural, completely free of any trace of performance.",人物,"日常行为,情绪表情",,,日常白话,,英文,83,,https://zhaojiaqi-new.s3.cn-north-1.jdcloud-oss.com/t2v_eval/t2v_v3_0808_qt_it478000_10s/0118.mp4
120,"中景，平视机位，人物偏右构图，一位82岁东亚老人独自坐在窗边翻阅一本泛黄的老相册，午后暖阳照亮木质桌面，空气中细小灰尘缓缓漂浮，镜头缓慢推进。他动作轻柔缓慢，始终安静地凝视着照片。
手部特写，镜头缓缓靠近老人双手，指尖轻轻抚摸照片，手背布满皱纹、老人斑和凸起的静脉，皮肤松弛，指尖微微颤抖，每一个细微动作都符合真实高龄老人的生理特征。
面部特写，镜头持续缓慢推进，焦点锁定双眼，老人眼眶逐渐湿润，嘴唇轻轻颤抖，法令纹和眼角皱纹随着情绪自然变化，一滴眼泪缓缓滑过脸颊，情绪克制而真实。
近景，镜头缓缓后移，他轻轻合上相册，望向窗外露出温暖而释然的微笑，肩膀自然放松，阳光勾勒人物轮廓。超写实电影摄影，真实皮肤纹理、毛孔、皱纹与老人斑细节，浅景深，自然暖光，电影胶片质感。",人物,情绪表情,画面构图,,专业影视语言,"运镜,多镜头",中文,334,,https://zhaojiaqi-new.s3.cn-north-1.jdcloud-oss.com/t2v_eval/t2v_v3_0808_qt_it478000_10s/0119.mp4
121,"An elderly man over eighty years old sits at a wooden table in his home, slowly opening a very old photo album and looking at the old photos inside. The camera zooms in on his hands, revealing wrinkles, age spots, and blood vessels. He silently continues to look at the photos, his eyes gradually welling up with tears that gently stream down, without making a sound. Finally, he softly closes the photo album, looks up out the window, and breaks into a gentle and relieved smile; the entire scene resembles a documentary, not studio shot.
",人物,情绪表情,,,日常白话,运镜,英文,95,,https://zhaojiaqi-new.s3.cn-north-1.jdcloud-oss.com/t2v_eval/t2v_v3_0808_qt_it478000_10s/0120.mp4
122,"中景，平视机位，三分法构图，一名27岁拉丁裔年轻女性穿着深灰色风衣独自走在雨后的城市街道，夜晚霓虹与暖黄色路灯交织，潮湿地面倒映着城市灯光，发丝和衣摆被微风轻轻吹动，电影级超写实摄影质感，真实皮肤纹理，HDR，高动态范围。镜头稳定跟拍，她一边向前走一边接起电话，嘴角自然扬起，眼神轻松，步伐轻快，肢体放松，流露出愉悦的情绪。
中近景，镜头缓慢推进至胸像，保持平视机位，背景逐渐虚化，电话中的内容让她慢慢停下脚步，笑容一点点消失，眉头轻轻皱起，眼神逐渐失焦，身体开始僵住，握着手机的手缓缓收紧，肩膀轻微绷紧，呼吸明显变重，情绪自然过渡到震惊。
面部特写，镜头继续缓慢推近，浅景深构图，焦点始终锁定双眼，霓虹灯在瞳孔中形成真实倒影，眼眶迅速湿润，鼻尖微微泛红，嘴唇轻轻颤抖，下颌肌肉轻微抽动，她努力控制自己的情绪，一滴眼泪缓缓滑过脸颊，整个过程克制真实，没有夸张表演，真实展现细腻微表情变化。
中景，低机位轻微跟拍，她轻轻挂断电话，用手背擦去眼泪，深吸一口气，肩膀慢慢放松，重新迈开脚步向前走，眼神逐渐恢复坚定，雨后的街道反射着霓虹光影，镜头缓缓拉远，人物逐渐融入城市夜色。整体采用电影级摄影风格，超写实画面，真实人体动力学，真实布料物理模拟，真实环境光照与镜头光学表现，35mm电影镜头，浅景深，自然色彩，无AI生成痕迹。",人物,"日常行为,情绪表情",画面构图,,专业影视语言,"运镜,多镜头",中文,560,,https://zhaojiaqi-new.s3.cn-north-1.jdcloud-oss.com/t2v_eval/t2v_v3_0808_qt_it478000_10s/0121.mp4
123,一个二十多岁的外国女生晚上走在雨后的街道上，接起电话后本来很开心，后来听到电话里的内容慢慢停下脚步，笑容消失，眼眶变红，忍着眼泪没有哭出来。最后她擦掉眼泪，重新往前走，眼神变得坚定，镜头慢慢跟着她，整个画面很有电影感，真实自然。,人物,"日常行为,情绪表情",,,日常白话,运镜,中文,114,,https://zhaojiaqi-new.s3.cn-north-1.jdcloud-oss.com/t2v_eval/t2v_v3_0808_qt_it478000_10s/0122.mp4
124,"特写，纯白无影棚环境，一副极简设计的白色无线耳机静置于画面中央，俯视机位，居中构图，柔和顶光与轮廓光勾勒流畅曲面，镜头缓慢推进，耳机缓缓悬浮并匀速旋转，哑光外壳与金属边缘呈现真实反射和细腻材质，整体画面极简纯净。
超近景，镜头环绕耳机缓慢移动，背景完全虚化，依次掠过金属边框、扬声器开孔、磨砂纹理与接缝细节，光线随着镜头移动自然流转，真实展现工业设计、材质质感和精密工艺。
中近景，低机位轻微环绕，充电仓缓缓开启，两只耳机精准悬浮对位后自然吸附进入充电仓，开合动作流畅稳定，机械结构富有节奏感，镜头同步跟随运动，突出科技产品的精密感与未来感。
特写，镜头缓缓拉远，产品稳定停留于纯白空间中央，大面积留白营造高级视觉氛围，Apple Logo 自然淡入画面，整体采用 Apple 产品广告风格，超写实CG，电影级商业摄影，真实材质渲染，高动态范围光照，自然反射，极简主义美学，8K画质。",物体,,材质质感,刚体位移,专业影视语言,"运镜,多镜头",中文,392,,https://zhaojiaqi-new.s3.cn-north-1.jdcloud-oss.com/t2v_eval/t2v_v3_0808_qt_it478000_10s/0123.mp4
125,一个白色无线耳机放在纯白背景上，镜头慢慢靠近，耳机缓缓转动，可以清楚看到表面的材质和细节。然后充电盒自动打开，耳机慢慢放进去，动作很流畅，最后镜头拉远，Apple Logo 出现在画面里，整体干净高级，很像苹果产品广告。,物体,,材质质感,刚体位移,日常白话,运镜,中文,110,,https://zhaojiaqi-new.s3.cn-north-1.jdcloud-oss.com/t2v_eval/t2v_v3_0808_qt_it478000_10s/0124.mp4
126,"全景，航拍机位跟随，一名23岁亚洲年轻女性迎着清晨阳光奔跑在城市公园步道，黄金时刻的暖色阳光穿过树梢洒落地面，长焦压缩空间，人物始终位于画面黄金分割位置，步伐轻快有力，空气中的尘埃与逆光共同营造充满生命力的晨跑氛围。
中景，稳定跟拍逐渐推进，她放慢脚步停下来，大口呼吸，汗水顺着额头和脸颊自然滑落，胸口随着呼吸轻微起伏，背景轻微虚化，真实展现运动后的疲惫状态和身体细节。
特写，镜头快速切换至手部与产品，她打开一瓶 Coca-Cola 运动饮料，瓶盖开启瞬间气泡快速翻涌，冰凉水珠顺着瓶身滑落，她举起饮料自然饮用，液体流动、冷凝水和气泡细节真实细腻，产品成为视觉中心。
中景，镜头重新跟拍，她露出轻松自信的笑容，重新迈开脚步向前奔跑，阳光洒在人物和产品上，镜头缓缓拉远，Nike Swoosh 与 Coca-Cola Logo 自然出现在画面结尾。整体采用 Nike 品牌广告的运动影像风格结合 Coca-Cola 品牌广告的情绪表达，电影级商业摄影，自然光影，真实人物状态，高级品牌视觉，超写实画质。",人物,运动体育,画面构图,,专业影视语言,"运镜,多镜头",中文,451,,https://zhaojiaqi-new.s3.cn-north-1.jdcloud-oss.com/t2v_eval/t2v_v3_0808_qt_it478000_10s/0125.mp4
127,"A young woman running in a park in the morning, the camera continuously following her, the sunshine hitting her body looking very dynamic. After getting tired from running, she stops to rest, takes out a bottle of Coca-Cola sports drink, opens it, and takes a sip, appearing very comfortable. Finally, she continues to run forward as the camera slowly pulls away, the image revealing the Nike and Coca-Cola logos, like a brand advertisement.",人物,运动体育,,,日常白话,运镜,英文,73,,https://zhaojiaqi-new.s3.cn-north-1.jdcloud-oss.com/t2v_eval/t2v_v3_0808_qt_it478000_10s/0126.mp4
128,"全景，航拍缓慢推进，一只成年雪豹站立在高海拔雪山岩石顶端，晨曦穿过云层洒向雪地，冷暖交织的自然光勾勒身体轮廓，主体位于画面黄金分割位置，远处雪峰与峡谷形成壮阔背景，寒风卷起细小雪粒掠过岩石，整体呈现真实野外环境。
中景，镜头缓慢靠近并轻微环绕，雪豹缓缓转头观察四周，耳朵轻轻转动，胡须微微颤动，厚实的毛发随着寒风自然起伏，长尾缓慢摆动保持平衡，身体肌肉隐藏在浓密毛发下若隐若现。
面部特写，镜头继续推进，焦点锁定双眼，黄色瞳孔映射雪山环境，鼻尖湿润，轻轻眨眼后缓缓呼出一团白色哈气，面部细小绒毛和胡须清晰可见，每一根毛发都具有真实层次和光泽。
中景，镜头稳定跟随，雪豹缓缓迈步离开岩石，厚重毛发随着步伐产生自然摆动，尾巴保持身体平衡，雪地留下连续脚印，空气中的雪粒不断飘落。整体采用 BBC Earth 与 National Geographic 野生动物纪录片风格，超写实摄影，真实毛发物理模拟，自然环境光，HDR，电影级景深，8K画质。",动物,,画面构图,动物运动,专业影视语言,"运镜,多镜头",中文,420,,https://zhaojiaqi-new.s3.cn-north-1.jdcloud-oss.com/t2v_eval/t2v_v3_0808_qt_it478000_10s/0127.mp4
129,"A snow leopard standing on a large rock in a snowy mountain, the camera slowly advancing. It turns its head to look into the distance as the wind gently sways its fur. The camera captures its face, clearly showing details of its eyes, whiskers, and fur. Finally, it slowly steps down off the rock with its tail swaying naturally, the entire scene feeling as realistic as a BBC documentary.",动物,,,动物运动,日常白话,运镜,英文,69,,https://zhaojiaqi-new.s3.cn-north-1.jdcloud-oss.com/t2v_eval/t2v_v3_0808_qt_it478000_10s/0128.mp4
130,"全景，低空无人机高速跟拍，一只成年猎豹在非洲草原发现前方的汤姆森瞪羚，黄金时刻的阳光洒满草原，主体位于画面中央，广阔草原与稀疏金合欢树不断向后掠过，镜头随着猎豹迅速加速，画面充满速度与空间纵深。
中景，低机位并行高速跟拍，猎豹全力冲刺，身体不断伸展与收缩，四肢交替发力，背部脊柱自然弯曲，肩部与后腿肌肉剧烈起伏，尾巴持续摆动维持高速平衡，脚掌落地扬起大量尘土和草屑，动作符合真实猎豹运动规律。
近景，镜头继续跟随，瞪羚突然高速转向，猎豹迅速压低身体重心完成急转弯，前爪牢牢抓住地面，尾巴快速甩动修正方向，肌肉瞬间爆发，尘土四散飞扬，整个动作连贯流畅，没有任何迟滞。
全景，航拍镜头缓缓拉远，猎豹持续高速追逐瞪羚，两只动物快速穿越广阔草原，夕阳将长长的影子投射在地面。整体采用《Planet Earth》纪录片摄影风格，真实动物动力学，真实高速运动模糊，电影级景深，自然光影，超写实8K画质。",动物,,画面构图,动物运动,专业影视语言,"运镜,多镜头",中文,395,,https://zhaojiaqi-new.s3.cn-north-1.jdcloud-oss.com/t2v_eval/t2v_v3_0808_qt_it478000_10s/0129.mp4
131,一只猎豹在非洲草原发现前面的羚羊，马上开始高速追赶，镜头一直跟着它奔跑，可以看到四条腿、尾巴和身体配合得特别自然。羚羊突然转弯，猎豹也马上跟着急转弯，最后两只动物一直跑向远方，整个画面很像纪录片。,动物,,,动物运动,日常白话,运镜,中文,98,,https://zhaojiaqi-new.s3.cn-north-1.jdcloud-oss.com/t2v_eval/t2v_v3_0808_qt_it478000_10s/0130.mp4
132,"全景，俯视机位，对称构图，一张黑色磨砂桌面上整齐排列着数百块白色多米诺骨牌，尽头放置一颗金属钢球，顶部柔和聚光灯照亮整个场景，镜头缓慢向前推进，画面简洁纯净，真实商业摄影质感。
中景，镜头低机位跟随，第一块骨牌被轻轻推倒，骨牌依次连续碰撞，倒塌节奏均匀稳定，碰撞瞬间产生真实惯性与连锁反应，每块骨牌的翻转角度、速度和落点符合真实物理规律。
近景，镜头快速跟随最后一排骨牌，最后一块骨牌精准撞击金属钢球，钢球开始向前滚动，加速度自然变化，真实金属反光随着滚动不断变化，桌面产生细微震动反馈。
特写，镜头锁定钢球，钢球撞击另一组金属方块，方块依次倒下并最终稳定停止，整个过程运动轨迹连续流畅，碰撞反馈真实，没有穿模和抖动。整体采用超写实商业产品摄影风格，真实刚体动力学，真实碰撞模拟，HDR，电影级光影，8K画质。",物体,,,刚体位移,专业影视语言,"运镜,多镜头",中文,355,,https://zhaojiaqi-new.s3.cn-north-1.jdcloud-oss.com/t2v_eval/t2v_v3_0808_qt_it478000_10s/0131.mp4
133,"全景，平视机位，居中构图，一块巨大的红色丝绸悬挂在纯黑摄影棚中央，柔和侧逆光勾勒布料轮廓，镜头缓慢推进，空气中微风轻轻吹拂，整体画面安静纯净。
中景，镜头轻微环绕，丝绸缓缓飘起，布料自然形成连续褶皱，边缘随风轻轻摆动，布面产生柔和起伏，重力、风力与张力共同作用，运动节奏自然真实。
近景，镜头继续推进，聚焦布料细节，丝绸不断翻转飘扬，光线随着褶皱变化产生丰富明暗层次，布料边缘轻轻抖动，纤维纹理清晰可见，运动连续稳定，没有任何穿插和僵硬。
全景，镜头缓缓拉远，丝绸最终缓缓落回地面，褶皱自然堆叠，整体运动柔顺流畅。采用高端商业摄影风格，超写实布料模拟，真实柔体动力学，真实风场模拟，电影级布光，HDR，8K画质。
",物体,,材质质感,流体/软体,专业影视语言,"运镜,多镜头",中文,307,,https://zhaojiaqi-new.s3.cn-north-1.jdcloud-oss.com/t2v_eval/t2v_v3_0808_qt_it478000_10s/0132.mp4
134,"全景，俯视机位，居中构图，一颗鲜红色草莓静置于纯黑背景中央，高速摄影棚灯光均匀照亮主体，一股牛奶从画面上方垂直落下，镜头缓慢推进，空气中漂浮细微液滴，整体呈现极简商业广告风格。
中景，镜头高速跟拍，牛奶高速撞击草莓表面，液体瞬间产生皇冠状飞溅，大量液滴向四周扩散，液面形成真实波纹与拉丝，液滴大小、速度和轨迹符合真实流体动力学。
超近景，高速微距摄影，镜头锁定飞溅液滴，牛奶包裹草莓表面缓缓流淌，液体之间不断融合、拉伸、断裂，表面张力、粘性和重力共同作用，每一滴液体都保持真实形态和连续运动。
全景，镜头缓缓拉远，牛奶逐渐停止流动，草莓表面覆盖均匀奶液，桌面残留自然飞溅痕迹，整个画面定格于广告级视觉效果。采用高速商业广告摄影风格，超写实流体模拟，真实液体动力学，真实折射与反射，HDR，电影级光影，8K画质。",物体,,画面构图,流体/软体,专业影视语言,"运镜,多镜头",中文,355,,https://zhaojiaqi-new.s3.cn-north-1.jdcloud-oss.com/t2v_eval/t2v_v3_0808_qt_it478000_10s/0133.mp4
135,"A strawberry set against a black background, the camera slowly advancing as a stream of milk pours down from above, splashing upon impact with the strawberry, slowly flowing over its surface, and finally coming to a rest.",物体,,,流体/软体,日常白话,运镜,英文,37,,https://zhaojiaqi-new.s3.cn-north-1.jdcloud-oss.com/t2v_eval/t2v_v3_0808_qt_it478000_10s/0134.mp4
136,"全景，稳定器跟拍机位，一名年轻滑板少年在城市街道高速滑行，镜头始终锁定人物保持稳定跟随，人物始终位于画面三分线附近，背景建筑、车辆和行人不断向后掠过。少年连续完成加速、转弯、下台阶和跳跃动作，镜头同步调整距离与高度，始终保持主体清晰稳定。
中景，镜头贴近人物侧后方跟随，滑板高速穿过狭窄街巷，
脸部特写，人物快速绕过路障，表情自信
近景，镜头继续跟拍，少年完成一次高难度腾空动作后平稳落地，身体重心自然调整，滑板持续向前滑行，
中景，镜头保持稳定跟随，人物始终清晰可见。城市运动摄影风格，超写实画面，自然光照，真实运动模糊，HDR，电影级摄影质感。",人物,运动体育,,,专业影视语言,"运镜,多镜头",中文,274,,https://zhaojiaqi-new.s3.cn-north-1.jdcloud-oss.com/t2v_eval/t2v_v3_0808_qt_it478000_10s/0135.mp4
137,"Handheld camera style with slight shaking, the camera continuously follows a boy riding a skateboard as he slides forward, constantly accelerating, turning, jumping up, and continuing to slide forward; the subject stays consistently in the frame while the background continuously moves backward, with stable tracking shot motion.",人物,运动体育,,,专业影视语言,运镜,英文,47,,https://zhaojiaqi-new.s3.cn-north-1.jdcloud-oss.com/t2v_eval/t2v_v3_0808_qt_it478000_10s/0136.mp4
138,"超广角全景，第一人称FPV机位，镜头以极高速穿越茂密森林，连续避开树干、岩石和低垂树枝，随后冲出树林掠过湖面，贴近水面高速飞行，水花与倒影快速向后掠过，镜头持续加速进入峡谷，连续穿越狭窄岩缝与天然石桥，最后飞跃瀑布顶部冲向远方雪山，全程一镜到底，无剪辑，高速运动模糊，真实惯性，电影摄影质感，HDR，自然光照，超写实画面。
",自然景观,,,,专业影视语言,运镜,中文,162,,https://zhaojiaqi-new.s3.cn-north-1.jdcloud-oss.com/t2v_eval/t2v_v3_0808_qt_it478000_10s/0137.mp4
139,一镜到底第一人称fpv视角高速飞过森林，穿梭树和石头之间，然后飞到湖面上贴着水飞，再冲进峡谷穿梭，最后飞过瀑布一直冲向远处的雪山，全程不要切镜头，速度很快。,自然景观,,,,日常白话,运镜,中文,78,,https://zhaojiaqi-new.s3.cn-north-1.jdcloud-oss.com/t2v_eval/t2v_v3_0808_qt_it478000_10s/0138.mp4
140,"全景，无人机高空俯拍，一座海边悬崖灯塔矗立在海岸线上，镜头缓缓下降接近平视灯塔，同时持续向前推进，穿过灯塔窗里的内部继续飞向悬崖边缘，再快速拉远升高，完整展现海岸线、海浪和远方日落，整个过程连续完成升降、推进、穿越、拉远等复合镜头运动，空间透视变化自然，运动节奏流畅，航拍电影摄影质感，HDR，自然光照，超写实画面。
","自然景观,人造空间",,,,专业影视语言,运镜,中文,159,,https://zhaojiaqi-new.s3.cn-north-1.jdcloud-oss.com/t2v_eval/t2v_v3_0808_qt_it478000_10s/0139.mp4
141,"全景，稳定器移动机位，热闹的夜市街道人来人往，镜头首先跟随一名年轻男子穿过人群，随后自然转向正在制作小吃的摊主，再移动到正在拍照的一对情侣，镜头往右摇最后跟随一名奔跑的小孩穿过街道来到广场中央，整个过程中镜头连续切换关注主体，景别自然变化，前后景关系清晰，空间衔接稳定，人物比例一致，夜景商业摄影质感，真实灯光与环境氛围。
",人物,日常行为,多个体/群体画面,,专业影视语言,"运镜,多镜头",中文,162,,https://zhaojiaqi-new.s3.cn-north-1.jdcloud-oss.com/t2v_eval/t2v_v3_0808_qt_it478000_10s/0140.mp4
142,镜头一直在夜市穿梭移动，先拍一个年轻人，再拍做小吃的人，然后拍一对情侣，最后跟着一个小朋友跑到广场，整个过程很流畅，不要突然跳镜头。,人物,日常行为,多个体/群体画面,,日常白话,"运镜,多镜头",中文,66,,https://zhaojiaqi-new.s3.cn-north-1.jdcloud-oss.com/t2v_eval/t2v_v3_0808_qt_it478000_10s/0141.mp4
143,"中景，平视机位，三分法构图，一名40岁欧洲男性坐在深色木质书房内，单盏暖色主光从人物左前方约45度照射，照射出伦勃朗光，镜头缓慢推进。光线在远侧脸颊形成清晰的倒三角受光区域，额头、鼻梁和颧骨层次自然，阴影过渡柔和，人物神情沉稳克制。
面部特写，镜头继续推进，焦点锁定双眼，经典伦勃朗三角光完整呈现，眼神光自然，皮肤纹理、胡须和毛孔细节清晰，鼻梁投影与面部阴影保持真实连续，五官立体感突出。
近景，镜头轻微环绕人物，光位保持稳定，脸部光影关系始终一致，背景暖色书架轻微虚化。电影摄影质感，伦勃朗布光，真实体积光，HDR，高动态范围，超写实画面。",人物,,画面构图,,专业影视语言,"运镜,多镜头",中文,271,,https://zhaojiaqi-new.s3.cn-north-1.jdcloud-oss.com/t2v_eval/t2v_v3_0808_qt_it478000_10s/0142.mp4
144,一个中年男人坐在书房里，一盏灯从侧前方照在脸上，镜头慢推进，可以看到一边脸比较亮，另一边有自然阴影，脸上立体感，电影摄影质感。,人物,日常行为,画面构图,,日常白话,运镜,中文,63,,https://zhaojiaqi-new.s3.cn-north-1.jdcloud-oss.com/t2v_eval/t2v_v3_0808_qt_it478000_10s/0143.mp4
145,"Medium shot, a 25-year-old Asian young woman stands inside an industrial-style photo studio, soft side light shining from the right side of the character, the camera slowly advancing. The side of the skin receiving light is bright and delicate, while the side in the shadow retains natural shadows, and the light forms a gradual transition along the bridge of the nose, cheeks, and jawline, making the facial contours three-dimensional and clear.

Close-up shot, the camera continues to advance, the character gently turns her head, the side light naturally slides across the facial features with the changing angle, the catchlight in the eyes is steady, the strands of hair and clothing produce delicate gradients of light and dark, and the skin details are completely preserved without any hard-edged shadows.

Extreme close-up, the camera locks onto the side profile of the character, the background is naturally blurred, the light levels are balanced, the facial structure is clear, and the overall light and shadow are soft and realistic. Cinematographic texture, predominantly side-lit lighting, natural light and shadow transitions, high dynamic range, shallow depth of field, ultra-realistic visual.",人物,日常行为,画面构图,,专业影视语言,"运镜,多镜头",英文,182,,https://zhaojiaqi-new.s3.cn-north-1.jdcloud-oss.com/t2v_eval/t2v_v3_0808_qt_it478000_10s/0144.mp4
146,"A young woman standing in a photo studio with light shining from the side, the camera slowly zooming in, showing one side of her face illuminated and the other side in shadow.",人物,日常行为,画面构图,,叙述性描述,运镜,英文,32,,https://zhaojiaqi-new.s3.cn-north-1.jdcloud-oss.com/t2v_eval/t2v_v3_0808_qt_it478000_10s/0145.mp4
147,"中景，一名25岁亚洲年轻女性站在落地窗前，上午柔和顺光均匀照射面部，皮肤受光自然，阴影柔和，
镜头缓慢推进至近景。她轻轻抬起头望向镜头，缓缓露出自然微笑，发丝随着微风轻轻摆动，眼神清澈放松，肤色过渡自然，高光与暗部层次均衡。
面部特写，镜头继续缓慢推进，焦点锁定双眼，真实皮肤纹理、毛孔、绒毛和嘴唇细节清晰可见，瞳孔自然反射窗外环境光，脸部没有明显硬阴影，整体光照均匀自然。
近景，镜头轻微环绕人物，顺光始终保持稳定，肤色和光比自然过渡，背景柔和虚化。电影摄影质感，自然光照，真实肤质，高动态范围，浅景深，超写实画面。
",人物,,画面构图,,专业影视语言,运镜,中文,260,,https://zhaojiaqi-new.s3.cn-north-1.jdcloud-oss.com/t2v_eval/t2v_v3_0808_qt_it478000_10s/0146.mp4
148,"中景，一名中年男性站在现代美术馆中央，顶部天窗自然光垂直照射，镜头缓慢下降并向前推进。
近景，镜头持续推进，人物缓缓抬头望向上方，顶光在额头、鼻梁和颧骨形成自然高光，眼窝、下颌和颈部形成柔和阴影，面部立体感明显，空间层次丰富。
全景，镜头缓缓拉远，顶光照亮整个空间，建筑线条和人物影子保持一致，整体光线稳定。建筑摄影质感，自然顶光，高动态范围，真实空间光影，超写实画面。","人物,人造空间",日常行为,画面构图,,专业影视语言,运镜,中文,185,,https://zhaojiaqi-new.s3.cn-north-1.jdcloud-oss.com/t2v_eval/t2v_v3_0808_qt_it478000_10s/0147.mp4
149,一个男人站在很大的美术馆里，阳光从屋顶照下来，镜头慢慢靠近，男人的脸部特写,人物,日常行为,画面构图,,叙述性描述,运镜,中文,37,,https://zhaojiaqi-new.s3.cn-north-1.jdcloud-oss.com/t2v_eval/t2v_v3_0808_qt_it478000_10s/0148.mp4
150,中景，一只透明玻璃杯放置于黑色背景中央，镜头缓慢推进，玻璃边缘、厚度和透明度清晰可见，镜头轻微环绕，玻璃产生真实折射和反射，背景透过玻璃发生自然形变，杯壁厚薄变化连续稳定，镜头继续推进至特写，玻璃表面细微反射、折射和透明层次完整呈现。商业静物摄影质感，真实玻璃材质，超写实画面。,物体,,材质质感,,专业影视语言,运镜,中文,139,,https://zhaojiaqi-new.s3.cn-north-1.jdcloud-oss.com/t2v_eval/t2v_v3_0808_qt_it478000_10s/0149.mp4
151,一个透明玻璃杯放在桌子上，镜头慢慢靠近，再绕着杯子拍一圈，可以看到玻璃的透明、反光和折射效果，商业静物摄影质感。,物体,,材质质感,,叙述性描述,运镜,中文,56,,https://zhaojiaqi-new.s3.cn-north-1.jdcloud-oss.com/t2v_eval/t2v_v3_0808_qt_it478000_10s/0150.mp4
152,"Medium shot, a drop of clear water falls into a calm water surface, the camera slowly advancing, continuous ripples form on the water surface, the splashing trajectory of the liquid is stable,
Close-up, the camera continues to advance to high-speed macro, after the water drop impacts, a complete crown splash forms, the droplets continuously stretch, merge, and break, the surface tension, refraction, reflection, and transparency are realistic and natural, finally, the water surface gradually returns to calm. High-speed photographic texture, realistic fluid material, hyper-realistic image.",物体,,材质质感,流体/软体,专业影视语言,运镜,英文,84,,https://zhaojiaqi-new.s3.cn-north-1.jdcloud-oss.com/t2v_eval/t2v_v3_0808_qt_it478000_10s/0151.mp4
153,一滴水掉进水面，镜头慢慢靠近，可以看到水花飞起来，一圈圈波纹散开，最后水面恢复平静，高速摄影质感。,物体,,,流体/软体,叙述性描述,运镜,中文,49,,https://zhaojiaqi-new.s3.cn-north-1.jdcloud-oss.com/t2v_eval/t2v_v3_0808_qt_it478000_10s/0152.mp4
154,中景，俯视机位，居中构图，一块拉丝不锈钢金属板放置于深色摄影台中央，镜头缓慢推进，金属表面纹理排列均匀，拉丝方向清晰可见，边缘倒角平整，表面真实反射周围环境。近景，镜头轻微环绕金属板移动，镜面反射随着视角连续变化，拉丝纹理、粗糙度和金属光泽保持一致，边缘高光过渡自然，没有闪烁和断层。特写，镜头锁定金属板局部，细微划痕、磨损痕迹、轻微指纹和表面纹理清晰可见，反射、漫反射和材质细节真实稳定。商业产品摄影质感，超写实金属材质，PBR材质，8K画质。,物体,,材质质感,,专业影视语言,运镜,中文,223,,https://zhaojiaqi-new.s3.cn-north-1.jdcloud-oss.com/t2v_eval/t2v_v3_0808_qt_it478000_10s/0153.mp4
155,"一块拉丝不锈钢金属板放在桌子上，镜头慢慢靠近，再绕着金属板缓缓移动，可以看到金属表面金属质感
",物体,,材质质感,,叙述性描述,运镜,中文,47,,https://zhaojiaqi-new.s3.cn-north-1.jdcloud-oss.com/t2v_eval/t2v_v3_0808_qt_it478000_10s/0154.mp4
156,全景，平视机位，居中构图，一颗鲜红色苹果静置于木桌边缘，镜头缓慢推进，苹果轻微滚动后脱离桌面，自由下落，运动轨迹连续自然。中景，镜头同步跟随苹果下落，旋转速度逐渐增加，重力加速度变化真实，落地后产生第一次弹跳，随后连续数次弹起，弹跳高度逐渐衰减，最终滚动停止。特写，镜头锁定苹果落地瞬间，果皮轻微形变，木地板产生细微震动反馈，滚动过程中旋转、摩擦和惯性保持一致。超写实摄影，真实重力模拟，真实物理运动，电影摄影质感，8K画质。,物体,,,刚体位移,专业影视语言,运镜,中文,213,,https://zhaojiaqi-new.s3.cn-north-1.jdcloud-oss.com/t2v_eval/t2v_v3_0808_qt_it478000_10s/0155.mp4
157,一个苹果放在桌子边上，慢慢滚出去掉到地上，落地以后弹了几下，又继续滚了一段距离，最后停下来，整个运动很自然。,物体,,,刚体位移,日常白话,,中文,54,,https://zhaojiaqi-new.s3.cn-north-1.jdcloud-oss.com/t2v_eval/t2v_v3_0808_qt_it478000_10s/0156.mp4
158,"全景，俯视机位，对称构图，一颗银色金属球沿轨道高速滚动，镜头缓慢跟随，金属球不断加速，最终精准撞击前方整齐排列的玻璃方块。中景，镜头继续跟随碰撞瞬间，玻璃依次碎裂，大量碎片向四周飞散，不同大小碎块具有不同运动轨迹和旋转速度，碰撞冲击力逐级传递。特写，镜头锁定碎裂区域，玻璃碎片不断反弹、翻滚、滑动，最终逐渐停止，整个碰撞过程符合真实动量传递和物理规律。超写实摄影，真实碰撞模拟，真实碎裂效果，电影摄影质感，8K画质。
",物体,,,刚体位移,专业影视语言,运镜,中文,209,,https://zhaojiaqi-new.s3.cn-north-1.jdcloud-oss.com/t2v_eval/t2v_v3_0808_qt_it478000_10s/0157.mp4
159,一个金属球沿着轨道滚过去，撞到前面的玻璃块，玻璃马上碎开，碎片飞向四周，最后慢慢停下来，整个碰撞过程很真实。,物体,,,刚体位移,日常白话,,中文,54,,https://zhaojiaqi-new.s3.cn-north-1.jdcloud-oss.com/t2v_eval/t2v_v3_0808_qt_it478000_10s/0158.mp4
160,中景，平视机位，居中构图，一根木柴放置于黑色背景中央，镜头缓慢推进，木柴一端被点燃，火焰由小逐渐增大，沿木纹方向自然蔓延。近景，镜头轻微环绕，火焰不断跳动变化，橙黄色火焰包裹木柴表面，木材逐渐碳化变黑，细小火星和余烬随热气流缓缓升起，烟雾自然向上扩散。特写，镜头锁定燃烧细节，火焰形态持续变化，燃烧边缘不断侵蚀木材，灰烬缓缓脱落，整个燃烧过程连续稳定。超写实摄影，真实火焰模拟，真实燃烧过程，电影摄影质感，8K画质,物体,,,流体/软体,专业影视语言,运镜,中文,207,,https://zhaojiaqi-new.s3.cn-north-1.jdcloud-oss.com/t2v_eval/t2v_v3_0808_qt_it478000_10s/0159.mp4
161,"一根木头被点燃，镜头慢慢靠近，火越来越大，沿着木头慢慢燃烧，可以看到火焰不停跳动，还有烟和小火星往上飘，木头慢慢烧黑。
",物体,,,流体/软体,叙述性描述,运镜,中文,60,,https://zhaojiaqi-new.s3.cn-north-1.jdcloud-oss.com/t2v_eval/t2v_v3_0808_qt_it478000_10s/0160.mp4
162,"第一段
全景，无人机缓慢飞向一座现代美术馆，建筑外立面、广场、水池和树木布局清晰，镜头持续推进。
第二段
中景，镜头穿过美术馆入口进入大厅，建筑结构、入口方向和室内空间保持对应关系，大厅中央雕塑与第一段位置一致。
第三段
中景，镜头继续进入二层展厅，楼梯方向、窗户朝向、展厅布局符合前一段空间关系，人物和展品位置自然延续。
第四段
全景，镜头来到二层露台俯瞰广场，可以清楚对应第一段外部场景，建筑内外空间关系保持一致，电影建筑摄影质感。",人造空间,,,,分镜脚本,"运镜,多镜头",中文,218,,https://zhaojiaqi-new.s3.cn-north-1.jdcloud-oss.com/t2v_eval/t2v_v3_0808_qt_it478000_10s/0161.mp4
163,"The camera first flies outside an art museum, then enters through the main entrance into the lobby, moves up to the second floor to tour the exhibition hall, and finally reaches the terrace, where a view of the entire building and the plaza outside is revealed.",人造空间,,,,叙述性描述,运镜,英文,46,,https://zhaojiaqi-new.s3.cn-north-1.jdcloud-oss.com/t2v_eval/t2v_v3_0808_qt_it478000_10s/0162.mp4
164,桌子上放着一本书、一杯咖啡和一副眼镜。有人拿起咖啡喝了一口，然后继续看书，又翻了一页，再喝一口咖啡，最后把书合上放回桌子。,人物,日常行为,,,日常白话,,中文,61,,https://zhaojiaqi-new.s3.cn-north-1.jdcloud-oss.com/t2v_eval/t2v_v3_0808_qt_it478000_10s/0163.mp4
165,"一镜到底
全景，傍晚城市街道，夕阳即将落山，车辆缓慢行驶，行人正常活动，镜头沿街道稳定前进。时间自然推进至日落后，天空颜色逐渐变暗，路灯依次点亮，商铺招牌开始发光，街道布局保持一致。进入夜晚，车流明显增加，建筑灯光全部亮起，街道人群发生变化，但场景结构保持一致，深夜街道逐渐恢复安静，车辆减少，商铺陆续关闭，天空与环境光自然变化，整条街道在四段视频中保持完整的时间推进逻辑和空间连续性，电影摄影质感。
",人造空间,,画面构图,,专业影视语言,"运镜,时间操控",中文,201,,https://zhaojiaqi-new.s3.cn-north-1.jdcloud-oss.com/t2v_eval/t2v_v3_0808_qt_it478000_10s/0164.mp4
166,镜头一直拍同一条城市街道，从傍晚开始，慢慢变成日落，再到夜晚，最后到深夜。街灯慢慢亮起来，车和行人越来越少。,人造空间,,画面构图,,叙述性描述,时间操控,中文,54,,https://zhaojiaqi-new.s3.cn-north-1.jdcloud-oss.com/t2v_eval/t2v_v3_0808_qt_it478000_10s/0165.mp4
167,中景，长焦镜头，平视机位，一名年轻女性独自站在香港老式骑楼下避雨，点燃一支香烟，雨水顺着发梢缓缓滴落，街道人群不断从身后经过，镜头缓慢推进至面部特写。王家卫电影风格，《花样年华》美术风格，都市情绪表达，霓虹灯光，红绿撞色，电影胶片质感，慢门拖影，低帧率效果，浅景深，克制细腻的人物情绪，诗意氛围。,人物,情绪表情,风格化,,专业影视语言,"运镜,时间操控",中文,148,,https://zhaojiaqi-new.s3.cn-north-1.jdcloud-oss.com/t2v_eval/t2v_v3_0808_qt_it478000_10s/0166.mp4
168,全景，超广角镜头，低机位，一名男子站在现代城市广场中央，远处乌云快速聚集，风吹动衣摆和纸张，镜头缓慢推进，建筑空间不断向远方延伸。克里斯托弗·诺兰电影风格，IMAX摄影，现实主义色彩，宏大空间构图，史诗级尺度，强烈透视，大场面调度，低饱和色彩，真实物理氛围。,"人物,人造空间",日常行为,风格化,,专业影视语言,运镜,中文,129,,https://zhaojiaqi-new.s3.cn-north-1.jdcloud-oss.com/t2v_eval/t2v_v3_0808_qt_it478000_10s/0167.mp4
169,一个男人站在很大的城市广场，周围都是高楼，天空越来越暗，风越来越大。诺兰电影风格，IMAX画面，大场面，电影摄影质感。,"人物,人造空间",日常行为,风格化,,专业影视语言,,中文,59,,https://zhaojiaqi-new.s3.cn-north-1.jdcloud-oss.com/t2v_eval/t2v_v3_0808_qt_it478000_10s/0168.mp4
170,一只可爱的小狐狸背着书包走在森林里，开心地和其他小动物打招呼。皮克斯动画风格，3D动画，颜色很温暖，可爱治愈。,动物,,风格化,动物运动,日常白话,,中文,55,,https://zhaojiaqi-new.s3.cn-north-1.jdcloud-oss.com/t2v_eval/t2v_v3_0808_qt_it478000_10s/0169.mp4
171,"Many small luminous particles appear in the black background, gradually gather together, and then quickly disperse. The whole picture is like a movie special effect, very technological.",抽象形体,,视觉特效,形态变化,日常白话,,英文,27,,https://zhaojiaqi-new.s3.cn-north-1.jdcloud-oss.com/t2v_eval/t2v_v3_0808_qt_it478000_10s/0170.mp4
172,"全景，低机位，广角镜头，一辆废弃汽车停放在空旷场地中央，中景，汽车瞬间发生剧烈爆炸，火球快速膨胀，冲击波向四周扩散，大量金属碎片高速飞散，火焰、烟尘和碎屑持续翻滚，近景，爆炸结束后浓烟不断升起，残骸散落地面。好莱坞动作电影特效，真实爆炸模拟，电影级VFX，超写实画面。
",物体,,,流体/软体,专业影视语言,"运镜,多镜头",中文,135,,https://zhaojiaqi-new.s3.cn-north-1.jdcloud-oss.com/t2v_eval/t2v_v3_0808_qt_it478000_10s/0171.mp4
173,一辆汽车突然爆炸，火焰冲出来，碎片飞得到处都是，浓烟不断升起，好莱坞电影里的爆炸场面。,物体,,,流体/软体,日常白话,,中文,43,,https://zhaojiaqi-new.s3.cn-north-1.jdcloud-oss.com/t2v_eval/t2v_v3_0808_qt_it478000_10s/0172.mp4
174,中景，平视机位，一条昏暗工业走廊逐渐被浓烟覆盖，烟雾不断翻滚、扩散、聚集，空气中形成明显体积层次，特写脸部，人物缓缓从烟雾中走出，烟雾受到人物运动影响自然分离并重新汇合，电影级体积烟雾，真实流体模拟，VFX电影质感，超写实画面。,人物,日常行为,,流体/软体,专业影视语言,多镜头,中文,114,,https://zhaojiaqi-new.s3.cn-north-1.jdcloud-oss.com/t2v_eval/t2v_v3_0808_qt_it478000_10s/0173.mp4
175,一条走廊慢慢被很多烟雾覆盖，一个人从烟里面走出来，烟一直翻滚流动，很像电影特效。,人物,日常行为,,流体/软体,日常白话,,中文,40,,https://zhaojiaqi-new.s3.cn-north-1.jdcloud-oss.com/t2v_eval/t2v_v3_0808_qt_it478000_10s/0174.mp4
176,"中景，平视机位，一名年轻男性站在空旷广场中央，镜头跟随手部运动，双手缓缓抬起，蓝色能量粒子不断向掌心汇聚，电流沿手臂自然蔓延，特写双手之间的能量球，持续旋转膨胀，切镜，特写释放大量光粒子和电弧，随后一道高能光束向远方发射，切镜，空气产生明显能量波纹和扭曲效果。电影级能量特效，CG视觉特效，粒子模拟，超写实画面。
",人物,日常行为,视觉特效,,专业影视语言,"运镜,多镜头",中文,157,,https://zhaojiaqi-new.s3.cn-north-1.jdcloud-oss.com/t2v_eval/t2v_v3_0808_qt_it478000_10s/0175.mp4
177,一个人举起双手，很多蓝色发光粒子聚到手里，最后发射出一道很亮的能量光束，电影特效风格。,人物,日常行为,视觉特效,,日常白话,,中文,43,,https://zhaojiaqi-new.s3.cn-north-1.jdcloud-oss.com/t2v_eval/t2v_v3_0808_qt_it478000_10s/0176.mp4
178,中景，平视机位，一名少女骑着扫帚飞越辽阔草原，远处漂浮着巨大的空中岛屿，森林、湖泊和风车缓缓掠过脚下，镜头稳定跟拍，微风吹动头发和裙摆，成群飞鸟围绕飞行，天空漂浮着柔软白云。吉卜力动画风格，Studio Ghibli美术风格，手绘动画质感，自然幻想世界，温暖配色，细腻背景绘制，治愈氛围，童话感，电影级动画质感。,人物,,风格化,,叙述性描述,运镜,中文,156,,https://zhaojiaqi-new.s3.cn-north-1.jdcloud-oss.com/t2v_eval/t2v_v3_0808_qt_it478000_10s/0177.mp4
179,一个女孩骑着扫帚飞过草原，远处有漂浮的小岛和森林，还有很多飞鸟。吉卜力动画风格，手绘动画，很温暖，很治愈。,人物,,风格化,,日常白话,,中文,53,,https://zhaojiaqi-new.s3.cn-north-1.jdcloud-oss.com/t2v_eval/t2v_v3_0808_qt_it478000_10s/0178.mp4
180,"全景，超广角镜头，镜头从未来都市高空极速俯冲，少年从摩天大楼一跃而下，甩出蛛丝高速摆荡，掠过霓虹广告、飞行汽车与悬浮轨道，在高楼峡谷间极速穿梭；借助惯性腾空跃起，在半空连续翻转、转体，镜头360°高速环绕，背景城市夸张旋转拉伸；随后人物头朝下极速俯冲坠落，临近地面瞬间甩出蛛丝急速拉升，紧接着贴着楼宇、广告牌与钢结构高速擦边飞行，以毫米级距离连续避障；再次借助蛛丝连续摆荡跃过数栋超高层建筑，落在屋顶高速奔跑、起跳、翻滚、蹬墙，再度腾空飞向城市最高楼，镜头迅速拉远，以极具冲击力的腾空姿态收尾。全片《蜘蛛侠：平行宇宙》Spider-Verse动画风格，漫画渲染，半色调网点，粗描边轮廓，夸张动态构图，鲜艳撞色，漫画速度线、动态文字与拟声词元素贯穿全程，电影级动画质感，动作节奏极快，视觉冲击力强烈
",人物,极限动作,风格化,,专业影视语言,运镜,中文,349,,https://zhaojiaqi-new.s3.cn-north-1.jdcloud-oss.com/t2v_eval/t2v_v3_0808_qt_it478000_10s/0179.mp4
181,"一个少年在高楼之间快速穿梭跳跃，蜘蛛侠：平行宇宙动画风格，漫画风，很酷，很有冲击力。
",人物,极限动作,风格化,,日常白话,,中文,43,,https://zhaojiaqi-new.s3.cn-north-1.jdcloud-oss.com/t2v_eval/t2v_v3_0808_qt_it478000_10s/0180.mp4
182,"全景开始，同一场景保持机位高度一致，镜头依次切换16mm广角、50mm标准、135mm长焦焦距，人物站在街道中央，画面透视、空间压缩和背景比例随着焦距变化自然改变，主体始终位于画面中央，电影摄影质感。
           ",人物,日常行为,,,专业影视语言,多镜头,中文,112,,https://zhaojiaqi-new.s3.cn-north-1.jdcloud-oss.com/t2v_eval/t2v_v3_0808_qt_it478000_10s/0181.mp4
183,一个人站在街上，镜头从广角慢慢变成长焦，可以看到背景和人物的感觉一直在变化，电影摄影质感。,人物,日常行为,,,叙述性描述,运镜,中文,45,,https://zhaojiaqi-new.s3.cn-north-1.jdcloud-oss.com/t2v_eval/t2v_v3_0808_qt_it478000_10s/0182.mp4
184,全景，固定机位，夜晚城市十字路口，车辆持续穿行，慢速快门，汽车灯光形成连续光轨，行人产生轻微运动拖影，静止建筑保持清晰，夜景摄影质感。,人造空间,,画面构图,刚体位移,专业影视语言,时间操控,中文,67,,https://zhaojiaqi-new.s3.cn-north-1.jdcloud-oss.com/t2v_eval/t2v_v3_0808_qt_it478000_10s/0183.mp4
185,夜晚很多汽车开过马路，车灯变成长长的光线，行人有一点拖影，城市夜景摄影。,人造空间,,画面构图,刚体位移,日常白话,,中文,36,,https://zhaojiaqi-new.s3.cn-north-1.jdcloud-oss.com/t2v_eval/t2v_v3_0808_qt_it478000_10s/0184.mp4
186,近景，85mm人像镜头，一名年轻女性站在咖啡馆窗边，对焦人物，背景灯光形成明显圆形散景，浅景深，大光圈，背景柔和虚化，焦点始终锁定人物面部，商业人像摄影质感，电影摄影。,人物,日常行为,画面构图,,专业影视语言,,中文,84,,https://zhaojiaqi-new.s3.cn-north-1.jdcloud-oss.com/t2v_eval/t2v_v3_0808_qt_it478000_10s/0185.mp4
187,一个女生站在窗边，背景虚化很明显，镜头慢慢靠近，人物很清楚，后面的灯光变成漂亮的光斑，电影摄影质感。,人物,日常行为,画面构图,,叙述性描述,运镜,中文,50,,https://zhaojiaqi-new.s3.cn-north-1.jdcloud-oss.com/t2v_eval/t2v_v3_0808_qt_it478000_10s/0186.mp4
188,中景，一镜到底，平视机位，一名运动员高速冲刺并跃起跨栏，镜头稳定跟拍，高速快门，动作瞬间完全冻结，飞溅的水滴、扬起的灰尘和衣物细节清晰锐利，没有明显运动模糊，体育摄影质感。,人物,运动体育,,,专业影视语言,"运镜,时间操控",中文,86,,https://zhaojiaqi-new.s3.cn-north-1.jdcloud-oss.com/t2v_eval/t2v_v3_0808_qt_it478000_10s/0187.mp4
189,一个运动员快速奔跑跳起来，动作定格，水花和灰尘都能看得很清楚，体育摄影质感。,人物,运动体育,,,日常白话,时间操控,中文,38,,https://zhaojiaqi-new.s3.cn-north-1.jdcloud-oss.com/t2v_eval/t2v_v3_0808_qt_it478000_10s/0188.mp4
190,"Abandoned art deco cinema. Push through entrance doors. Tilt up to crumbling ceiling mural. Dolly along dusty seats. Torn poster reads ""GRAND OPENING 1932"" in art deco type",人造空间,,文字生成,,专业影视语言,运镜,英文,28,,https://zhaojiaqi-new.s3.cn-north-1.jdcloud-oss.com/t2v_eval/t2v_v3_0808_qt_it478000_10s/0189.mp4
191,"Hyper-realistic, continuous drone flight perspective throughout, smooth steady forward movement, aerial view of natural terrain across three different landscapes.
The drone rises from a misty mountainside, breaking through a thin fog layer. Dense green treetops fill both sides of frame, morning light catching moisture on the canopy. The camera keeps ascending and pushing forward, clearing the tree line. Rolling dark-green ridges and a winding stream in the valley below come into view. The drone crosses the final ridgeline — the vista suddenly opens wide.
Beyond the ridge, the terrain transitions into vast golden rice terraces. The drone maintains the same speed and altitude, gliding over geometric layers of flooded paddy fields stepping downward. Irrigation channels thread between plots like silver lines. Afternoon sunlight turns the water surfaces into scattered gold reflections. The camera continues forward — at the far edge of the fields, a blue body of water appears on the horizon.
The terraces give way to a wide highland lake. The drone passes over the shoreline and glides above the water, which shifts from jade green at the shallows to deep blue at the center. The still surface mirrors the surrounding snow-capped mountains and clouds. The drone slowly gains altitude, gradually revealing the full shape of the lake and the mountain skyline encircling it, settling into a wide panoramic frame.",自然景观,,,,专业影视语言,运镜,英文,218,,https://zhaojiaqi-new.s3.cn-north-1.jdcloud-oss.com/t2v_eval/t2v_v3_0808_qt_it478000_10s/0190.mp4
192,"An eighty-year-old grandmother with a full head of white hair sits by the window in her old house, mending a dark blue padded cotton jacket. Outside the window lies a small courtyard bathed in the soft glow of the afternoon sun, where a persimmon tree in the yard holds a few orange-red fruits.

Shot 1 — extreme close-up of the hands: she wears a pair of metal-framed reading glasses, holding a silver sewing needle in her slightly trembling yet steady right hand, while her left hand slowly guides the cotton thread through the needle's eye. The cracked skin at the edges of her fingernails and the prominent knuckles on her fingers, built up from years of labor, are clearly visible. As the needle tip pierces through the dark blue cotton fabric, a tiny wisp of lint is pulled up.

Shot 2 — medium close-up of the face: sunlight strikes her face from the side, illuminating every wrinkle with sharp clarity. Two light brown age spots are visible on her forehead. She squints slightly, fully absorbed in her needlework, a serene smile resting at the corners of her mouth.

Shot 3 — slowly pulls back to a medium shot and then to a full shot: she sits in an old rattan chair, with a bamboo sewing basket at her feet. A cup of tea that has already gone cold sits on the windowsill. The shadow of the persimmon tree outside falls upon her, gently swaying in the breeze.",人物,精细操作,画面构图,,分镜脚本,"运镜,多镜头",英文,244,,https://zhaojiaqi-new.s3.cn-north-1.jdcloud-oss.com/t2v_eval/t2v_v3_0808_qt_it478000_10s/0191.mp4
193,"Gym interior, overhead fluorescent lights casting hard white downlight. A man in a grey cotton T-shirt stands before a floor-to-ceiling mirror. Mirror reflects squat racks and plate-loaded barbells in the background.

Medium front shot, full symmetry with mirror reflection. The man curls both dumbbells upward in powerful alternating reps, biceps swelling with each contraction, veins surfacing across forearms. Jaw clenched, short sharp exhales, sweat sheen building on skin. Camera holds steady with subtle handheld micro-shake matching the exertion rhythm.
Same position, time jump. He pauses between sets, one dumbbell resting on his thigh. His free hand grabs the hem of his T-shirt and lifts it to wipe sweat from his forehead and brow in one rough drag — exposing a flash of abdominal muscles. He drops the shirt, exhales long, blinks slowly. Breathing still elevated but recovering. Camera same framing, static.
Same position, time jump to session end. He bends slightly at the knees, lowers both dumbbells to the rubber floor with a controlled descent — a dull metallic thud on contact. He straightens up, rolls both shoulders back, flexes his fingers open and closed to release the grip tension. Stands still for a beat, chest rising and falling deeply, staring at his reflection. A faint look of satisfaction settles on his face. Camera slowly pulls back to a wider medium shot during the final exhale.",人物,运动体育,画面构图,,专业影视语言,"运镜,多镜头",英文,223,,https://zhaojiaqi-new.s3.cn-north-1.jdcloud-oss.com/t2v_eval/t2v_v3_0808_qt_it478000_10s/0192.mp4
194,翠绿变色龙站在热带树枝上皮肤从绿渐变为褐色。全身侧面变色过程。微距鳞片纹理转换。突然弹舌捕捉飞虫,动物,,材质质感,形态变化,叙述性描述,多镜头,中文,48,,https://zhaojiaqi-new.s3.cn-north-1.jdcloud-oss.com/t2v_eval/t2v_v3_0808_qt_it478000_10s/0193.mp4
195,Reverse shot dialogue: over A's shoulder facing B. Over B's shoulder facing A. Hands slide contract. Wide two-shot handshake. Four-shot classic over-the-shoulder pattern,人物,社会互动,,,专业影视语言,多镜头,英文,23,,https://zhaojiaqi-new.s3.cn-north-1.jdcloud-oss.com/t2v_eval/t2v_v3_0808_qt_it478000_10s/0194.mp4
196,"Cinematic photorealistic footage, warm golden autumn palette throughout, soft natural light, 6 scenes with fluid transitions.
A low-angle side-tracking shot at eye level follows a little girl darting through a park carpeted with golden maple leaves. Her red scarf trails behind her as she laughs, kicking up a swirl of amber leaves. She runs toward a wooden bench — camera holds on the spinning leaves she left behind.
The swirling leaves settle onto a canvas. Pull back to reveal a young woman painter sitting at an easel among the same row of golden trees, capturing the autumn canopy in oil strokes. Medium shot, dappled sunlight on her hands. She dips her brush — a drop of amber paint falls from the bristle tip.
The falling paint drop becomes a drop of honey drizzling onto a fresh pastry. A middle-aged baker arranges maple-leaf-shaped cookies on a wooden tray inside a warm bakery with fogged windows. Through the glass, golden trees line the street outside. He slides the tray onto a display shelf — camera follows through the glass window to the street.
Outside the bakery, an elderly man in a tweed coat walks a golden retriever along a cobblestone sidewalk blanketed with fallen leaves. The dog playfully noses through a leaf pile. Low-angle tracking shot at the dog's level. A gust of wind lifts a cluster of leaves across the frame.
The wind-carried leaves land on the surface of a still pond in a botanical garden. A teenage boy sits at the water's edge, reading a book with yellowed pages, his bicycle leaning against a rust-colored oak behind him. Reflection of golden foliage shimmers on the water. He looks up from his book toward the distance.
Reverse shot reveals what he sees — the same little girl from the opening, now far down the tree-lined path, still running with her red scarf, growing smaller among the towering golden canopy. Wide shot, late afternoon sun casting long amber shadows. Leaves continue to drift slowly as the scene breathes in stillness.","人物,动物","日常行为,运动体育,表演艺术",,,专业影视语言,"运镜,多镜头",英文,332,,https://zhaojiaqi-new.s3.cn-north-1.jdcloud-oss.com/t2v_eval/t2v_v3_0808_qt_it478000_10s/0195.mp4
197,"高度写实，室内篮球馆，同一场五对五比赛
全场远景。 高角度俯拍，十人落位，控卫持球站在弧顶举手比战术。
控卫突破。 场边低角度跟拍，控卫接挡拆变向加速切入，球鞋拧转地板，突入罚球线区域抬头看见篮下空当。
中锋卡位。 篮下仰拍，中锋背身顶开防守人，右手高举过顶五指张开要球。
空接扣篮·慢镜头。 升格慢放。控卫直传球旋转飞过头顶，中锋起跳单手最高点接球顺势砸筐，篮筐剧烈抖动，篮网翻卷弹出。
观众欢呼。 看台正面，一排观众弹起挥手呐喊，前排小男孩骑在父亲肩上挥毛巾。
记分牌。 电子记分牌特写，比分从""6:5""跳为""8:5""，蜂鸣器短响。镜头下摇回球场，双方球员各自归位，比赛继续。",人物,运动体育,多个体/群体画面,,分镜脚本,"运镜,多镜头,时间操控",中文,290,,https://zhaojiaqi-new.s3.cn-north-1.jdcloud-oss.com/t2v_eval/t2v_v3_0808_qt_it478000_10s/0196.mp4
198,"Solitary pianist in empty concert hall. Seven shots: wide piano center stage no audience. Fingers on keys close-up. Hammers striking strings slow motion inside piano. Pianist's face eyes closed, tear on cheek. Reverse wide showing vast empty hall. Single vibrating string macro. Pull back to original wide as final note fades. Seven shots capturing isolation and devotion","人物,物体","表演艺术,情绪表情",,,专业影视语言,"运镜,多镜头,时间操控",英文,57,,https://zhaojiaqi-new.s3.cn-north-1.jdcloud-oss.com/t2v_eval/t2v_v3_0808_qt_it478000_10s/0197.mp4
199,"Inside a glass-walled conference room, an Asian businesswoman swipes through an interactive touchscreen display, presenting dynamic charts to colleagues. The screen's glow reflects off surrounding glass walls. Medium shot slowly pushing in toward the glowing screen until the blue light fills the entire frame.
The blue light dissolves and reshapes into orange welding sparks — match cut on color and light intensity.A dimly lit industrial factory floor. A young male engineer in a hard hat stands before a massive robotic arm, controlling it via tablet. Precision welding sparks scatter across dark steel. Low-angle slow orbit shot. The robotic arm swings past camera, creating a momentary whip-pan blur.
The motion blur clears to reveal warm golden sunlight — whip pan transition matching the arm's swing direction.A city park at golden hour. An elderly white-haired man sits on a wooden bench, video-calling his granddaughter on a smartwatch. Sunset light spills across the small screen and his gentle smile. Camera slowly pulls back, shallow depth of field, revealing the peaceful scene.",人物,日常行为,画面构图,,专业影视语言,"运镜,多镜头",英文,166,,https://zhaojiaqi-new.s3.cn-north-1.jdcloud-oss.com/t2v_eval/t2v_v3_0808_qt_it478000_10s/0198.mp4
200,A girl calls her mother on the phone. Shot 1: girl in a rainy London phone booth. Shot 2: mother in a sunny kitchen in Beijing answering. Shot 3: girl smiles hearing mom's voice. Shot 4: mother tears up hearing daughter is safe. Two continents connected by voice,人物,"日常行为,情绪表情",,,分镜脚本,多镜头,英文,48,,https://zhaojiaqi-new.s3.cn-north-1.jdcloud-oss.com/t2v_eval/t2v_v3_0808_qt_it478000_10s/0199.mp4
201,陶艺师在工作室拉坯成型。切到隔壁窑房他的学徒正在给另一件作品上釉。切回师傅检查成品满意点头。切到展厅架子上已完成的七件陶瓷整齐排列,"人物,物体",精细操作,,,叙述性描述,多镜头,中文,65,,https://zhaojiaqi-new.s3.cn-north-1.jdcloud-oss.com/t2v_eval/t2v_v3_0808_qt_it478000_10s/0200.mp4
202,"Parallel editing: chef plates dish (shots 1, 3, 5) intercut with diner checking time (shots 2, 4). Shot 6: waiter delivers plate, diner's eyes widen. Six-shot cross-cut building anticipation between kitchen and dining room",人物,日常行为,多个体/群体画面,,分镜脚本,多镜头,英文,34,,https://zhaojiaqi-new.s3.cn-north-1.jdcloud-oss.com/t2v_eval/t2v_v3_0808_qt_it478000_10s/0201.mp4
203,"微距镜头，多支金属颜料管的管口依次挤出浓稠油画颜料，落在纯白亚麻画布上。钛白、镉红、群青、铬黄彼此缠绕推挤，遵循流体力学缓慢卷曲融合。颜料表面反射出画室天窗投下的冷白自然光。镜头缓缓下沉，贴近画布纹理——颜料漫过布面边缘，向下淌落。
淌落的稠液转为滚烫的彩色釉料，从陶瓷窑炉的坩埚口倾泻而下，浇覆在一只旋转中的素胎花瓶表面。微距捕捉釉料沿着瓶身弧面流淌的轨迹——铜红釉与天青釉在高温下相遇、渗透，瓶身旋转带动釉面离心展开，一缕釉丝被甩离瓶口，飞入空中。
飞离的釉丝化为一滴靛蓝染料，落入静止的清水缸中。微距俯拍视角。染料入水的瞬间炸开为丝状，向四周舒展扩散。随后一滴茜红、一滴藤黄相继滴入，三色在水中交织，水面微微震颤。",物体,,,流体/软体,专业影视语言,"运镜,多镜头",中文,310,,https://zhaojiaqi-new.s3.cn-north-1.jdcloud-oss.com/t2v_eval/t2v_v3_0808_qt_it478000_10s/0202.mp4
204,"高角度全景俯拍。摄影机从古堡穹顶向下俯瞰整个战斗空间——南瓜头骑士站在大厅中央，长剑划出弧形寒光轨迹，连续劈砍；床单幽灵在四周石柱与蛛网密布的墙壁之间穿梭闪避。地面碎石随剑风崩飞，烛台被气流扑灭又重新燃起。
低角度近地仰拍，机位切至地面碎石堆旁。南瓜头骑士的铁靴从镜头前方跨过，落地震起尘土。仰视视角下，他举起长剑至最高点猛然劈下。剑刃斩入床单幽灵刚刚穿墙闪出的位置，击碎石墙表面，碎屑向镜头飞溅。幽灵从骑士身后的墙面渗出，眼珠快速转动锁定骑士后背。
中景侧面跟焦环绕镜头，摄影机与两者保持等距缓慢旋转。南瓜头骑士察觉身后异动，急速转身反手横扫；幽灵贴地飘行躲过剑锋，床单边缘被剑风撩起翻卷。",人物,运动体育,打斗场景,,专业影视语言,"运镜,多镜头",中文,296,,https://zhaojiaqi-new.s3.cn-north-1.jdcloud-oss.com/t2v_eval/t2v_v3_0808_qt_it478000_10s/0203.mp4
205,"运动饮料广告：运动员大汗跑步。慢动作拧瓶盖。仰头畅饮水珠滑。产品旋转""POWER UP 能量焕发 ¥8.9""","人物,物体",运动体育,文字生成,,叙述性描述,"多镜头,时间操控",中文,54,,https://zhaojiaqi-new.s3.cn-north-1.jdcloud-oss.com/t2v_eval/t2v_v3_0808_qt_it478000_10s/0204.mp4
206,"清晨5:30，固定机位，城市天际线全景。冷蓝晨曦勾勒建筑轮廓，延时以慢速启动，光线缓缓爬上建筑立面。晨光急速席卷城市，云层飞速流动，阴影快速缩短旋转，定格在上午明亮暖调中。

同一机位，午后建筑群。云影以正常延时速度掠过玻璃幕墙，阴影匀速偏移。云层急速翻涌，阴影快速拉长扫过街道。金色夕阳光线在建筑立面上最后一次横扫，玻璃逐块闪烁反光。


黄昏转夜幕，同一机位。写字楼灯光逐层亮起，灯光从低层蔓延至顶层，全部亮起，定格在璀璨夜景。


深夜城市全景，万家灯火静立于暗蓝夜空。",人造空间,,画面构图,,专业影视语言,"多镜头,时间操控",中文,238,,https://zhaojiaqi-new.s3.cn-north-1.jdcloud-oss.com/t2v_eval/t2v_v3_0808_qt_it478000_10s/0205.mp4
207,足球赛：中场长传跟球弧线。前锋胸部停球慢动作。转身过人。球门网后射门入网球网抖动,人物,运动体育,,,专业影视语言,"运镜,多镜头,时间操控",中文,40,,https://zhaojiaqi-new.s3.cn-north-1.jdcloud-oss.com/t2v_eval/t2v_v3_0808_qt_it478000_10s/0206.mp4
208,中秋之夜，家里的客厅灯火通明热闹非凡，圆桌上摆满了红烧肉、清蒸鱼、糖醋排骨和各色时蔬，中间放着一盒打开的广式双黄白莲蓉月饼。爷爷正在给五岁的小孙子夹一块排骨，孙子双手捧着碗眼巴巴地看着筷子的方向。第二个镜头突然切到万里之外——在伦敦一间狭小的学生公寓里，女儿独自坐在书桌前，面前是一碗刚泡好的方便面和一个从中国超市买来的散装月饼，笔记本电脑屏幕上是微信视频通话的画面，对面是家里热闹的餐桌。她用筷子挑起面条但没有吃，眼睛盯着屏幕里家人的笑脸。第三个镜头切回国内——爷爷举起酒杯凑近手机镜头，满脸皱纹堆成笑容大声说着什么。第四个镜头回到伦敦——女儿眼眶泛红但嘴角上扬，用力点头笑着回应，公寓窗外是冷蓝色的英国夜空和远处教堂的尖顶,人物,"日常行为,社会互动,情绪表情",,,分镜脚本,多镜头,中文,313,,https://zhaojiaqi-new.s3.cn-north-1.jdcloud-oss.com/t2v_eval/t2v_v3_0808_qt_it478000_10s/0207.mp4
209,"Medium shot, singer faces camera in a dark studio lit by cyan and magenta neon strips. Sharp head turn to the right on the beat. The neon light catches the ""NOVA"" lettering on the back of a black leather jacket as the singer begins to turn. Camera pushes in slowly.
Close-up of the singer's hand dragging across the studio wall. Fingertips leave trails of liquid chrome that crawl and spread across the surface like mercury, pulsing in sync with the bass. The reflection of the singer's face is distorted in the chrome surface.
Wide shot from behind, singer center-frame, arms spread. The chrome from the walls now creeps across the floor toward the singer's boots, forming a mirror pool. Overhead neon rigs flicker between warm amber and cool violet. ""NOVA"" text on the jacket glows faintly, matching the chrome's shimmer.
Extreme close-up of the singer's face, eyes shut then snapping open. The iris reflects the liquid chrome environment. Pull-out reveals the entire studio has become a chrome shell — walls, floor, ceiling — with the singer as the only non-metallic element. Final frame freezes as the neon cuts to white.",人物,表演艺术,视觉特效,流体/软体,专业影视语言,"运镜,多镜头",英文,187,,https://zhaojiaqi-new.s3.cn-north-1.jdcloud-oss.com/t2v_eval/t2v_v3_0808_qt_it478000_10s/0208.mp4
210,一位年轻上班族的通勤跨场景记录，同一人物穿越五个截然不同的空间。第一个镜头：他在家中厨房站着快速吃完最后一口吐司，用手背擦嘴，顺手拿起挂在椅背上的公文包，厨房背景是暖黄色的灯光和洗碗池里还没来得及洗的杯子。第二个镜头：他推开公寓大门走出来，外面正下着小雨，他从门口的伞架上抽出一把黑色折叠伞撑开，画面色调突然从室内暖黄变成室外的冷灰蓝。第三个镜头：公交站台上他和几个上班族一起等车，低头看手机上显示的时间，雨滴从伞边滴落，背景有一辆公交车正在远处驶来。第四个镜头：公交车内他坐在靠窗位置，窗外是不断后退的城市街景——高楼、路灯、行人都被雨水模糊成流动的色块，他的表情从焦虑慢慢变得平静。第五个镜头：写字楼内他走进一间开放式办公室，把湿伞放在门口的桶里，坐到自己的工位上打开笔记本电脑，屏幕亮起的白光照在他的脸上,人物,"日常行为,情绪表情",画面构图,,分镜脚本,多镜头,中文,355,,https://zhaojiaqi-new.s3.cn-north-1.jdcloud-oss.com/t2v_eval/t2v_v3_0808_qt_it478000_10s/0209.mp4
211,"The astronaut's boot steps off the last rung of the lander ladder onto red soil, pressing a clear footprint. Low-angle camera at ground level captures the boot sole compacting Martian dust — fine particles bounce up and drift slowly in low gravity. The astronaut stands still. The camera tilts up from the footprint, past the white spacesuit torso, stopping at the helmet visor — the visor reflects the red Martian wasteland.
Same location, the astronaut has walked several steps forward. Medium shot follows his back as each boot leaves a trail of footprints extending across the red surface. He stops at an open flat area and slowly turns to face the camera. Olympus Mons rises on the distant horizon behind him. He retrieves a rolled flag from his side and unfurls the pole with both hands.
The astronaut drives the flagpole into Martian soil and stamps the base firm with his boot heel. The flag unfurls — printed with an Earth unity symbol, belonging to no nation. He steps back twice, standing beside the flag in a half-turn toward the camera. No wind exists; the flag holds its shape on a rigid support frame. The camera slowly pulls back and rises, expanding from a medium shot to a wide panorama — the astronaut, the flag, the trail of footprints behind him, and Olympus Mons in the distance together form the final frame.",人物,日常行为,画面构图,,专业影视语言,"运镜,多镜头",英文,230,,https://zhaojiaqi-new.s3.cn-north-1.jdcloud-oss.com/t2v_eval/t2v_v3_0808_qt_it478000_10s/0210.mp4
212,"大全景远景，机位在山谷对面远处。一座山峰占据画面右侧，山顶站着一个渺小的人影——背包徒步者，面朝画面左侧延展的广袤森林。云层裂开一道缝隙，动漫风格的体积光束倾泻而下，为森林树冠染上明亮的金绿色。整体构图强调人物在自然中的渺小感，天空占画面上方三分之二，云朵以吉卜力风格的柔软体积感缓慢移动。
机位切至山顶，中景侧后方45度角。徒步者的背影与侧脸轮廓清晰可见——短发被山风吹起，衣摆和背包带随风飘动。他站在岩石边缘，一只手搭在背包肩带上。画面中景深分明：前景是脚下的碎石与野草，中景为人物，远景为色彩层次分明的森林延伸至地平线。阳光从云层缝隙变换角度，森林色调在画面中实时从深绿过渡至金黄。
机位切至正面低角度仰拍。镜头从略低于山顶岩石边缘的位置向上拍摄徒步者，天空作为整个背景。他的正脸迎着光线，头发和衣服被迎面的风持续吹动。表情安静，眼中映着远处的风景。阳光完全穿透云层，在他身后形成放射状光线，风将几片树叶从画面下方卷起掠过身侧。他微微闭眼深吸一口气，嘴角轻轻上扬。","人物,自然景观",,风格化,,专业影视语言,多镜头,中文,435,,https://zhaojiaqi-new.s3.cn-north-1.jdcloud-oss.com/t2v_eval/t2v_v3_0808_qt_it478000_10s/0211.mp4
213,A designer sketches in a studio. Cut to a factory worker operating a CNC machine cutting the same shape. Cut to a customer unboxing the finished product at home. Cut to the designer smiling seeing a 5-star review on screen. Four shots tracing an object from concept to consumer across four locations,人物,日常行为,,,专业影视语言,多镜头,英文,52,,https://zhaojiaqi-new.s3.cn-north-1.jdcloud-oss.com/t2v_eval/t2v_v3_0808_qt_it478000_10s/0212.mp4
214,"A single red rose goes through its lifecycle in four shots. Shot 1: tight bud in morning light. Shot 2: half-open bloom at noon. Shot 3: full blossom at golden hour. Shot 4: petals falling at dusk. Same rose, same vase, four time jumps — only the flower and light change",物体,,画面构图,形态变化,分镜脚本,多镜头,英文,51,,https://zhaojiaqi-new.s3.cn-north-1.jdcloud-oss.com/t2v_eval/t2v_v3_0808_qt_it478000_10s/0213.mp4
215,清晨的阳光洒在简约的卧室里，一位年轻中国男子站在那里。他缓缓地扣上白色衬衫的纽扣，镜头特写衬衫面料自然地垂落在身上，双手流畅地扣着纽扣。随后向卧室走去，对着镜子满意地看了看，最后转了个圈。文字“空调衫 ¥199 舒适轻薄”。干净的自然光线。,人物,日常行为,文字生成,,叙述性描述,,中文,120,,https://zhaojiaqi-new.s3.cn-north-1.jdcloud-oss.com/t2v_eval/t2v_v3_0808_qt_it478000_10s/0214.mp4
216,"Wolf pack hunts at twilight on snowy plain — seven shots of coordinated predator movement. Wide formation. Alpha's breath in cold air. Pack accelerates. Close-up of powerful hind legs. They fan out. One wolf feints left. The pack converges from all sides — cut before contact, outcome left to imagination",动物,,多个体/群体画面,动物运动,专业影视语言,多镜头,英文,50,,https://zhaojiaqi-new.s3.cn-north-1.jdcloud-oss.com/t2v_eval/t2v_v3_0808_qt_it478000_10s/0215.mp4
217,"烈日炙烤的苍茫非洲荒野，枯黄草原一望无际，燥热空气微微扭曲晃动。镜头缓缓向前推进，草丛深处，一只雄狮压低身形蛰伏隐匿，茂密的深色鬃毛与枯草完美融合，在阴影中静静蓄力。侧机位低角度拍摄，雄狮目光锐利如刀、死死锁定远方猎物，浑身肌肉紧绷，整片旷野静谧荒芜，暗藏张力。电影级色调，自然光影，浅景深特写。不要出现多只狮子，不要卡通风格，不要文字水印。

同一只深色鬃毛雄狮瞬间爆发冲刺，庞大的身躯带起滚滚沙尘，疾驰穿梭在非洲枯黄草原之上。近距离跟拍特写，每一步落脚力量感十足，四肢腾空、肌肉线条剧烈收缩，速度感与压迫感拉满。锋利凶狠的眼神紧盯前方，威武的鬃毛随极速奔跑和狂风肆意飞扬，獠牙微张，风声裹挟旷野怒吼。运动模糊背景，高速摄影质感，侧面跟随机位。不要静止画面，不要多只动物，不要肢体变形。

航拍镜头缓缓拉高俯瞰，同一只深色鬃毛雄狮如一道金色闪电疾驰穿过辽阔非洲草原，孤身穿梭苍茫旷野，身后扬起一道细长尘迹。夕阳金色光线斜洒大地，天地光影交融，壮阔地平线延伸至远方。最终缓慢定格，野性、力量与绝对自由的荒野盛世画面。大全景构图，航拍视角，电影级宽画幅。不要近景特写，不要人类建筑，不要多只动物。",动物,,画面构图,动物运动,专业影视语言,"运镜,多镜头",中文,497,,https://zhaojiaqi-new.s3.cn-north-1.jdcloud-oss.com/t2v_eval/t2v_v3_0808_qt_it478000_10s/0216.mp4
218,"A Beijing hutong. Ground-level wide-angle shot, frame slightly tilted. Five kids play football in an alley flanked by gray walls. The boy in yellow cuts diagonally forward dribbling the ball, three defenders rush in from both sides to block him. The kid in red slides in for a tackle, kicking up a cloud of dust and gravel. The football sits at the lower-right golden-ratio position in frame. The camera tracks quickly side to side following the ball. The rising dust spreads and obscures the edges of the frame.
A southern town river pond. The dust transforms into splashing water — three shirtless boys leap off a stone arch bridge into green river water, each in a different pose: one in a cannonball tuck, one with arms spread wide, one pinching his nose falling straight down. Wide-angle low shot near the water surface looking up, the splash explodes toward the camera, sunlight piercing through the water droplets creating tiny rainbows. Two kids who didn't dare jump crouch on the bank, nervously peering down.
 A rural threshing ground. Under golden-hour side light, a group of girls jump rubber-band rope on an open concrete yard. Two girls hold the elastic band at each end while three in the middle take turns jumping and flipping, floral skirts and braids swinging with the motion. Low-angle side shot captures fine chaff dust rising beneath their feet as they leap. In the blurred background, an adult rides past on a bicycle. One girl catches her foot on the band and tumbles, the rest burst into laughter.",人物,运动体育,多个体/群体画面,,专业影视语言,"运镜,多镜头",英文,258,,https://zhaojiaqi-new.s3.cn-north-1.jdcloud-oss.com/t2v_eval/t2v_v3_0808_qt_it478000_10s/0217.mp4
219,"高度写实，慢镜头跟拍，主体始终为同一个中国男孩与一只足球，跨越三处不同场景，捕捉足球腾空与接球的瞬间。
阳光公园。树叶间洒下斑驳光影，男孩奔跑中一脚将足球踢向空中。慢镜头跟拍足球升起——球体缓慢旋转，表面的纹路和草屑清晰可辨，阳光穿过树冠在球面上投下流动的光斑。镜头随球上升，男孩在下方抬头追踪球的轨迹，嘴角咧开兴奋的笑容，奔跑中的头发一根根被定格在空气中。足球升至最高点开始下落——穿过一片树叶缝隙的光柱。
黄昏沙滩。足球从画面上方落入海边黄昏的天空中，同一个男孩赤脚奔跑在湿润沙滩上，仰头准备接球。慢镜头捕捉他每一步踩在沙面上溅起的细沙与水珠，脚趾抓地的细节。足球旋转下落，男孩的瞳孔中倒映着球体。他跳起用胸部停球——球触碰胸口的瞬间，T恤面料形成凹陷涟漪，足球弹起后他用膝盖轻巧颠起，身后是橙红色的落日贴着海平面。
夜晚街灯下。足球再次腾空，旋转着飞过一盏路灯的光晕，水汽和小飞虫在灯光中被照亮。同一个男孩站在社区水泥球场上，周围空无一人，只有路灯将他的影子拉长。他后退两步，仰头注视下落的球，脸上的兴奋和专注与白天一模一样。球落至额头高度——他精准地用头一顶，足球弹向夜空再次升起。镜头跟球上升，从男孩脸上的笑容拉远，直到足球变为路灯光晕中一个旋转的小小轮廓。","人物,物体",运动体育,材质质感,,专业影视语言,"运镜,多镜头,时间操控",中文,534,,https://zhaojiaqi-new.s3.cn-north-1.jdcloud-oss.com/t2v_eval/t2v_v3_0808_qt_it478000_10s/0218.mp4
220,Montage of three dog owners in different parks walking their dogs at dawn. Shot 1: man with dalmatian on a beach. Shot 2: woman with poodle in a city park. Shot 3: child with labrador in a forest trail. Shot 4: all three dogs notice something off-screen. Shot 5: all three bark in unison — a visual joke cutting rapidly between locations,"人物,动物",日常行为,多个体/群体画面,,分镜脚本,多镜头,英文,62,,https://zhaojiaqi-new.s3.cn-north-1.jdcloud-oss.com/t2v_eval/t2v_v3_0808_qt_it478000_10s/0219.mp4
221,"Wes Anderson style: pastel pink hotel lobby. Centered wide front desk. Bellboy walks left with two suitcases. Elevator opens, guest in matching pastel. All shots bilateral symmetry","人物,人造空间",日常行为,风格化,,叙述性描述,多镜头,英文,27,,https://zhaojiaqi-new.s3.cn-north-1.jdcloud-oss.com/t2v_eval/t2v_v3_0808_qt_it478000_10s/0220.mp4
222,一位独立音乐人一天中在三个截然不同的场景演奏同一首曲子，展现音乐从私密到公开的渐进式层次变化。第一个镜头是清晨七点——他坐在自家老式公寓的阳台上，一把原木色民谣吉他横在膝盖上，赤脚踩在有些掉漆的铁栏杆横杆上。他闭着眼睛轻轻弹拨弦，旋律还不太流畅，偶尔停下来在一本螺旋装订的笔记本上修改几个和弦标记。阳台外是灰蓝色的城市天际线和几只在远处盘旋的鸽子。第二个镜头切到午后三点的录音棚——他戴着监听耳机坐在话筒前，吉他已经换成了一把做工更精良的全单板琴，面前的调音台上亮着一排绿色的电平指示灯。他弹奏同样的旋律但加入了更多细节和即兴变奏，表情比早晨更加专注。第三个镜头是傍晚七点的livehouse舞台——暗红色的追光打在他身上，台下挤满了举着手机的观众，同样的旋律此刻被演绎得激昂饱满,人物,表演艺术,,,叙述性描述,多镜头,中文,340,,https://zhaojiaqi-new.s3.cn-north-1.jdcloud-oss.com/t2v_eval/t2v_v3_0808_qt_it478000_10s/0221.mp4
223,"Three different craftsmen working with the same material — wood. Shot 1: Japanese joiner fitting a mortise joint. Shot 2: African sculptor carving a mask. Shot 3: European luthier shaping a violin body. Shot 4: all three finished products displayed side by side. Same material, three cultures, three spatial contexts","人物,物体",精细操作,多个体/群体画面,,分镜脚本,多镜头,英文,50,,https://zhaojiaqi-new.s3.cn-north-1.jdcloud-oss.com/t2v_eval/t2v_v3_0808_qt_it478000_10s/0222.mp4
224,科幻动画太空站两宇航员修管道。飘进舱门全景。扳手拧螺栓特写。递工具中景。舷窗看旋转地球,人物,社会互动,,,叙述性描述,多镜头,中文,43,,https://zhaojiaqi-new.s3.cn-north-1.jdcloud-oss.com/t2v_eval/t2v_v3_0808_qt_it478000_10s/0223.mp4
225,快递员一天五个场景：骑车穿早高峰。小区门口打电话。电梯看订单。敲门递包裹。路边吃盒饭,人物,日常行为,,,日常白话,多镜头,中文,42,,https://zhaojiaqi-new.s3.cn-north-1.jdcloud-oss.com/t2v_eval/t2v_v3_0808_qt_it478000_10s/0224.mp4
226,Butterfly emerges from chrysalis. Time-lapse cracking. Wet wings unfurling. Macro wing scales iridescent blue. First flight catching sunlight. Four shots of transformation,动物,,,形态变化,专业影视语言,"多镜头,时间操控",英文,22,,https://zhaojiaqi-new.s3.cn-north-1.jdcloud-oss.com/t2v_eval/t2v_v3_0808_qt_it478000_10s/0225.mp4
227,"A woman writes a letter at her desk at night. Cut to the postman delivering it across town next morning. Cut to an elderly man opening the envelope with trembling hands. Three people, three times of day, three spaces — one letter connecting them. Three shots tracing the emotional journey of physical mail",人物,日常行为,,,叙述性描述,多镜头,英文,53,,https://zhaojiaqi-new.s3.cn-north-1.jdcloud-oss.com/t2v_eval/t2v_v3_0808_qt_it478000_10s/0226.mp4
228,暴雨之夜，阳台上一只景德镇青花瓷花瓶被狂风吹落。第一个镜头从阳台向下俯拍——花瓶离开栏杆的瞬间开始自由坠落，雨线在画面中形成密集的斜线条纹，花瓶在下坠过程中缓缓翻转，瓶身上的青花缠枝莲纹样在路灯的暖光中若隐若现。第二个镜头在地面仰拍——花瓶从画面顶部旋转着坠入视野，慢动作拍摄使得每一滴雨珠都变成清晰的椭圆形水球与花瓶同步下落，瓶身反射着楼上各家窗口透出的灯光形成不规则的光点。第三个镜头是触地碎裂的微距特写——瓷器底部最先接触水泥地面的瞬间，一条裂纹以极快速度从接触点向四周辐射，紧接着整个瓶身爆裂成数十片大小不一的碎片向四面飞散，碎片内部露出白色的胎质断面，花瓶中的水和几支白色百合花同时被抛出，水花混着雨水溅起半米高。第四个镜头是俯拍静物——碎片散落在湿漉漉的地面上，白色百合花横卧在碎瓷之间，花瓣上沾着泥水，一个完整的瓶底碎片正面朝上露出底款印章。第五个镜头急切到楼上阳台——一位穿着居家服的年轻女性趴在栏杆上伸出手，嘴巴微张一脸惊愕，但一切已经来不及了,物体,,,形态变化,专业影视语言,"运镜,多镜头,时间操控",中文,431,,https://zhaojiaqi-new.s3.cn-north-1.jdcloud-oss.com/t2v_eval/t2v_v3_0808_qt_it478000_10s/0227.mp4
229,Anime samurai draws katana in moonlit bamboo grove — five rapid shots with whip pans between each. Eyes open. Hand grips hilt. Blade flashes in arc. Bamboo falls in slow motion. Sword sheathed with a click. Whip-pan transitions create kinetic energy between static poses,人物,运动体育,打斗场景,,专业影视语言,"运镜,多镜头,时间操控",英文,44,,https://zhaojiaqi-new.s3.cn-north-1.jdcloud-oss.com/t2v_eval/t2v_v3_0808_qt_it478000_10s/0228.mp4
230,"航拍掠过瑞士阿尔卑斯雪山，晨光金辉洒落连绵雪峰，云雾缭绕。镜头俯冲下降，雪山倒映在一枚银色精钢腕表的弧面表镜上，表盘可见""AURUM""字样，过渡至下一镜。电影级广色域，丝滑航拍运镜。
温暖的工坊台灯光下，工匠手持镊子将微小齿轮精准嵌入同一枚AURUM腕表机芯，金属零件反射细腻光泽。浅景深微距特写，能看清宝石轴承与日内瓦纹打磨纹理，指尖轻微颤动传递匠心专注。
商务男士推开玻璃门自信步入现代会议室，侧跟机位从手腕处起拍，同一枚AURUM精钢腕表在袖口间若隐若现，金属表链贴合手腕反射柔和日光。男士落座，左手自然搭于桌面，表盘朝上，""AURUM""标识清晰可辨。冷灰色调办公空间，逆光轮廓。
微距缓慢推入同一枚腕表表盘，浅银色盘面纹理纤毫毕现，12点位""AURUM""品牌字样锐利精致，3点位日历窗显示""MON 07""，指针缓缓走动。背景纯黑渐隐，光线从侧面勾勒表圈边缘高光。","人物,物体","日常行为,精细操作",材质质感,,专业影视语言,"运镜,多镜头",中文,385,,https://zhaojiaqi-new.s3.cn-north-1.jdcloud-oss.com/t2v_eval/t2v_v3_0808_qt_it478000_10s/0229.mp4
231,"高度写实，暮色北方小院，暖黄彩灯贯穿，同一场家庭烧烤晚宴。
烤炉特写，肉串滋滋冒油翻滚，爸爸大手熟练撒下孜然辣椒面，白烟裹着火星升腾，他侧脸被炭火映红，嘴里喊着""好了好了端走""。
中景，妈妈端着一盘刚烤好的肉串放上桌，奶奶笑着用筷子把串上的肉撸进孩子碗里，桌面摆满酱料碟和啤酒瓶，彩灯光斑洒在碗碟上。
近景，爷爷靠在老藤椅上，一手端着冰啤酒，一手摇着蒲扇，笑眯眯地望向院子中间孩子们跑闹的方向，脚边卧着一只打盹的老黄狗。
中景跟拍，两个小孩一人举着半截烤玉米一人拿着肉串，追跑打闹绕过石榴树，笑声尖叫声交替，跑过时碰歪了挂在树枝上的一盏小彩灯。
镜头从院门外缓缓拉远，门框框住院内全貌——炭火烟气、彩灯光晕、桌旁大人聊天、孩子绕树追跑，所有声音混在一起。暮色渐深，小院灯火温暖如一幅画，定格。",人物,"日常行为,社会互动",多个体/群体画面,,专业影视语言,"运镜,多镜头",中文,346,,https://zhaojiaqi-new.s3.cn-north-1.jdcloud-oss.com/t2v_eval/t2v_v3_0808_qt_it478000_10s/0230.mp4
232,美术馆内，一幅长达10米的书画长卷悬挂在展墙上。摄像机架设在轨道上，从右至左缓慢移动，匀速拍摄全卷。长卷上右侧有楷书，左侧有山水水墨画，墨色浓淡相间，落款处有印章。右侧楷书全文：“壬戌之秋，七月既望，苏子与客泛舟游于赤壁之下。清风徐来，水波不兴。举酒属客，诵明月之诗，歌窈窕之章。少焉，月出于东山之上，徘徊于斗牛之间。白露横江，水光接天。纵一苇之所如，凌万顷之茫然。浩浩乎如冯虚御风，而不知其所止；飘飘乎如遗世独立，羽化而登仙。于是饮酒乐甚，扣舷而歌之。歌曰：‘桂棹兮兰桨，击空明兮溯流光。渺渺兮予怀，望美人兮天一方。’客有吹洞箫者，倚歌而和之。其声呜呜然，如怨如慕，如泣如诉，余音袅袅，不绝如缕。舞幽壑之潜蛟，泣孤舟之嫠妇。苏子愀然，正襟危坐而问客曰：‘何为其然也？’客曰：‘“月明星稀，乌鹊南飞”，此非曹孟德之诗乎？西望夏口，东望武昌，山川相缪，郁乎苍苍，此非孟德之困于周郎者乎？”镜头移动速度缓慢均匀，展馆灯光柔和，玻璃展柜无反光。,文字为主,,文字生成,,叙述性描述,运镜,中文,419,,https://zhaojiaqi-new.s3.cn-north-1.jdcloud-oss.com/t2v_eval/t2v_v3_0808_qt_it478000_10s/0231.mp4
233,"教室黑板前，一位老师正在用白色粉笔书写一段数学推导过程，镜头固定对准黑板。粉笔字迹逐渐出现，内容包括：“费马大定理：当整数n > 2时，关于x, y, z的方程 x^n + y^n = z^n 没有正整数解。证明思路（怀尔斯，1995）：1. 将问题转化为椭圆曲线模形式；2. 证明谷山-志村猜想对于半稳定椭圆曲线成立；3. 利用反证法，假设存在解，构造一个椭圆曲线，该曲线不能模形式化，导致矛盾。具体步骤：第一步，考虑弗雷曲线...”书写速度适中，粉笔灰飘落，光线柔和，黑板有轻微反光，4k画质。",文字为主,,文字生成,,叙述性描述,,中文,249,,https://zhaojiaqi-new.s3.cn-north-1.jdcloud-oss.com/t2v_eval/t2v_v3_0808_qt_it478000_10s/0232.mp4
234,"一个穿着""JOYAI""标志T恤的中国美女正拿着黑色马克笔在白板上书写。切至白板特写，文字逐行出现：""一、JOYAI的技术路线：探索视觉生成基础模型的极限。二、JOYAI的模型特色：1、复杂文字渲染；2、精准图像编辑。三、JOYAI的未来愿景：赋能专业内容创作、助力生成式AI发展。""切回中景，她放下笔转身面对镜头微笑。","人物,文字为主",日常行为,文字生成,,叙述性描述,多镜头,中文,159,,https://zhaojiaqi-new.s3.cn-north-1.jdcloud-oss.com/t2v_eval/t2v_v3_0808_qt_it478000_10s/0233.mp4
235,[超近距离虹膜] 紧密聚焦于一个人类的虹膜，每一道色彩斑点都反射着虹膜之外的景象。切至面部全景，缓缓拉远展现黑暗房间中人物的面部。他们眨了眨眼。切至他们的手部特写，手指微微颤动，重新聚焦现实。,人物,日常行为,,,叙述性描述,"运镜,多镜头",中文,96,,https://zhaojiaqi-new.s3.cn-north-1.jdcloud-oss.com/t2v_eval/t2v_v3_0808_qt_it478000_10s/0234.mp4
236,"A dreamy close-up of a champagne flute reveals the Titanic miniature inside, slowly sinking through golden bubbles. Christmas lights bokeh twinkles in the background while the ship gracefully descends, trailing tiny bubbles in its wake.",物体,,,刚体位移,叙述性描述,,英文,35,,https://zhaojiaqi-new.s3.cn-north-1.jdcloud-oss.com/t2v_eval/t2v_v3_0808_qt_it478000_10s/0235.mp4
237,麦片盒放在台面上，一只手撕开封口，镜头推近背面：“格兰诺拉烘焙麦片，配料：澳洲燕麦片45%、南瓜籽8%、巴旦木7%、蔓越莓5%、奇亚籽3%。每40g含蛋白质6.2g、膳食纤维5.1g。无反式脂肪酸，0添加蔗糖。保质期10个月。”,文字为主,,文字生成,,叙述性描述,运镜,中文,114,,https://zhaojiaqi-new.s3.cn-north-1.jdcloud-oss.com/t2v_eval/t2v_v3_0808_qt_it478000_10s/0236.mp4
238,"A hyper-realistic low-angle orbiting shot circles a scientist in a sterile lab interacting with a DNA sequencer. As the camera rotates
dynamically around the workstation, the cool blue light from the pulsing
holographic interface illuminates the scientist's focused face, while complex
genetic sequences stream and shift rapidly across the screens in high-speed
motion.",人物,日常行为,画面构图,,专业影视语言,运镜,英文,49,,https://zhaojiaqi-new.s3.cn-north-1.jdcloud-oss.com/t2v_eval/t2v_v3_0808_qt_it478000_10s/0237.mp4
239,"An artificial aurora shimmering in the night sky, generated by the expanding and glowing exhaust plume of a rising rocket.",自然景观,,视觉特效,流体/软体,日常白话,,英文,20,,https://zhaojiaqi-new.s3.cn-north-1.jdcloud-oss.com/t2v_eval/t2v_v3_0808_qt_it478000_10s/0238.mp4
240,一段高动态的3D CGI序列，展现了水母在生机勃勃的珊瑚礁间翩翩起舞，宛如一场复杂的水下芭蕾，呈现出精妙绝伦的水下编舞和流畅的动作，没有鱼类的出现。,动物,,,动物运动,日常白话,,中文,74,,https://zhaojiaqi-new.s3.cn-north-1.jdcloud-oss.com/t2v_eval/t2v_v3_0808_qt_it478000_10s/0239.mp4
241,一个身穿绿色运动服、头戴黑色骑行头盔的中国女孩骑着一辆蓝色的山地自行车在公路上骑行，她的前方有一辆红色的轿车驶过。,人物,运动体育,属性绑定,,日常白话,,中文,57,,https://zhaojiaqi-new.s3.cn-north-1.jdcloud-oss.com/t2v_eval/t2v_v3_0808_qt_it478000_10s/0240.mp4
242,一位独行徒步者站在山顶，眺望着一片茂密的森林。风掠过他们的头发，阳光穿透云层。切至脚下视角，靴子踩在碎石上，远处山谷云雾翻涌。再切回全景，人物沉浸在这令人惊叹的美景之中。,人物,日常行为,,,叙述性描述,多镜头,中文,85,,https://zhaojiaqi-new.s3.cn-north-1.jdcloud-oss.com/t2v_eval/t2v_v3_0808_qt_it478000_10s/0241.mp4
243,婚礼广场，新人在宾客中央优雅旋转起舞，镜头从广角全景缓缓推近；硬切至摄影师肩上视角，透过取景器捕捉两人交握的手；新郎俯身低语，新娘仰头轻笑，两人换手变换舞步；镜头再切至高处俯拍，宾客围成圆环鼓掌，新人在中心画出弧线轨迹；最后推入新娘眼眸的大特写，瞳孔中倒映着新郎的面孔。,人物,社会互动,,,叙述性描述,"运镜,多镜头",中文,135,,https://zhaojiaqi-new.s3.cn-north-1.jdcloud-oss.com/t2v_eval/t2v_v3_0808_qt_it478000_10s/0242.mp4
244,黄昏天台，城市天际线被夕阳染红，穿白衬衫的亚洲男人倚着栏杆抽烟，风吹乱他的头发。他深吸一口缓缓吐出烟雾，烟雾被风吹散。切至面部特写，他眯眼看远方，眼神复杂。切回全景，烟燃尽，他掐灭烟头弹进垃圾桶，转身离开，背影拉长。,人物,"日常行为,情绪表情",,,叙述性描述,多镜头,中文,108,,https://zhaojiaqi-new.s3.cn-north-1.jdcloud-oss.com/t2v_eval/t2v_v3_0808_qt_it478000_10s/0243.mp4
245,夜幕降临，一场盛大的音乐节以超现实的场景呈现，镜头跟拍一位正在舞池中央激情跳舞的女孩。她旋转一圈后张开双臂，随后跳起落地踩出水花。旁边一个男孩也加入，两人面对面随节拍摆动。,人物,表演艺术,,,叙述性描述,运镜,中文,86,,https://zhaojiaqi-new.s3.cn-north-1.jdcloud-oss.com/t2v_eval/t2v_v3_0808_qt_it478000_10s/0244.mp4
246,锈迹斑斑的金属棚下，末日后的集市热闹起来。一个摊贩在修理收音机，旁边一个女人用罐头交换布料。两个孩子在摊位间追逐奔跑。镜头从摊位间穿过，跟随孩子的跑动方向缓慢推进。,人物,日常行为,多个体/群体画面,,叙述性描述,运镜,中文,82,,https://zhaojiaqi-new.s3.cn-north-1.jdcloud-oss.com/t2v_eval/t2v_v3_0808_qt_it478000_10s/0245.mp4
247,两个胖胖的日本摔跤手正在一个圆形比赛台上进行着激烈的摔跤运动，光线暖黄，两个人打得不可开交。,人物,运动体育,打斗场景,,日常白话,,中文,46,,https://zhaojiaqi-new.s3.cn-north-1.jdcloud-oss.com/t2v_eval/t2v_v3_0808_qt_it478000_10s/0246.mp4
248,"Through an asteroid field, two small spacecraft chase each other — the front one suddenly banks left to dodge a tumbling asteroid, and the rear one fires thrusters to follow. Engine lights flicker as debris bounces off their hulls. The camera tracks alongside them.",物体,,,刚体位移,叙述性描述,运镜,英文,44,,https://zhaojiaqi-new.s3.cn-north-1.jdcloud-oss.com/t2v_eval/t2v_v3_0808_qt_it478000_10s/0247.mp4
249,"Against a night sky, the words ""Artificial Analysis"" are assembled by a drone swarm, where each individual drone appears as a
glowing point of light.",文字为主,,文字生成,,日常白话,,英文,24,,https://zhaojiaqi-new.s3.cn-north-1.jdcloud-oss.com/t2v_eval/t2v_v3_0808_qt_it478000_10s/0248.mp4
250,"A wide-angle underwater shot capturing a polar bear diving from an ice shelf into crystal-clear blue water. It glides downward, twists to chase a passing fish, and surfaces with a splash. Shimmering light rays filter down from above.",动物,,,动物运动,叙述性描述,,英文,38,,https://zhaojiaqi-new.s3.cn-north-1.jdcloud-oss.com/t2v_eval/t2v_v3_0808_qt_it478000_10s/0249.mp4
251,"In a sleek lab, a young scientist tests a high-tech gadget that hums to life with glowing lights, captured in an anime aesthetic.",人物,日常行为,风格化,,日常白话,,英文,23,,https://zhaojiaqi-new.s3.cn-north-1.jdcloud-oss.com/t2v_eval/t2v_v3_0808_qt_it478000_10s/0250.mp4
252,"An aerial drone perspective gliding smoothly over the vast canopy of the Brazilian Amazon. Cut to a ground-level shot inside the forest, looking up through the canopy at the drone passing overhead. Cut back to aerial as the river comes into view.",自然景观,,,,叙述性描述,"运镜,多镜头",英文,42,,https://zhaojiaqi-new.s3.cn-north-1.jdcloud-oss.com/t2v_eval/t2v_v3_0808_qt_it478000_10s/0251.mp4
253,"A Samsonite luggage promotional video. A sleek suitcase opens and closes, showcasing its interior. The scene transitions to a cinematic travel montage featuring iconic destinations. The final six seconds display upward-scrolling white text on a black background: ""Samsonite New Rolling Suitcase — Lightweight and Durable, Global Warranty. Limited Time Offer: 20% Off for Double 12.""",物体,,文字生成,,叙述性描述,多镜头,英文,55,,https://zhaojiaqi-new.s3.cn-north-1.jdcloud-oss.com/t2v_eval/t2v_v3_0808_qt_it478000_10s/0252.mp4
254,"In a park setting, a cinematic close-up captures a young woman's smiling face as she jogs while wearing wireless earbuds.",人物,运动体育,,,叙述性描述,,英文,20,,https://zhaojiaqi-new.s3.cn-north-1.jdcloud-oss.com/t2v_eval/t2v_v3_0808_qt_it478000_10s/0253.mp4
255,"A low-angle tracking shot of a female Chinese tennis player in her early 20s as she tosses the ball high, leaps into a powerful serve, and lands with a forward stride. The camera follows her as she sprints to the net for a volley return.",人物,运动体育,,,叙述性描述,运镜,英文,45,,https://zhaojiaqi-new.s3.cn-north-1.jdcloud-oss.com/t2v_eval/t2v_v3_0808_qt_it478000_10s/0254.mp4
256,"Exploring the coral reef, a scuba diver is captured swimming through a narrow passage between coral formations. Cut to the diver's POV looking at a sea turtle gliding past. Cut back to wide shot showing the diver and the reef from above.",人物,运动体育,,,叙述性描述,多镜头,英文,42,,https://zhaojiaqi-new.s3.cn-north-1.jdcloud-oss.com/t2v_eval/t2v_v3_0808_qt_it478000_10s/0255.mp4
257,"In a cinematic slow-motion capture, a person pours freshly brewed coffee from a sleek espresso machine into a ceramic cup, the rising steam swirling gracefully as the rich, dark liquid fills the vessel.",人物,日常行为,,,叙述性描述,时间操控,英文,33,,https://zhaojiaqi-new.s3.cn-north-1.jdcloud-oss.com/t2v_eval/t2v_v3_0808_qt_it478000_10s/0256.mp4
258,"A young woman lies on a sofa in relaxed evening light. A close-up captures her face illuminated by the screen glow as her thumbs scroll smoothly through TikTok with natural finger movements. She laughs at a funny video. The camera tilts down to clearly show the phone screen. The text ""Galaxy S24 AI智能"" appears as an overlay, conveying a modern lifestyle feel.",人物,日常行为,文字生成,,叙述性描述,运镜,英文,62,,https://zhaojiaqi-new.s3.cn-north-1.jdcloud-oss.com/t2v_eval/t2v_v3_0808_qt_it478000_10s/0257.mp4
259,"Hurtling through a colorful nebula, a spaceship is depicted in a 3D animated sequence.",物体,,,刚体位移,日常白话,,英文,14,,https://zhaojiaqi-new.s3.cn-north-1.jdcloud-oss.com/t2v_eval/t2v_v3_0808_qt_it478000_10s/0258.mp4
260,"A dynamic wide tracking shot following a dragon as it soars rapidly across a sprawling fantasy landscape, maneuvering through jagged peaks and floating clouds.",动物,,,动物运动,叙述性描述,运镜,英文,24,,https://zhaojiaqi-new.s3.cn-north-1.jdcloud-oss.com/t2v_eval/t2v_v3_0808_qt_it478000_10s/0259.mp4
261,"A cinematic shot of two kangaroos boxing in the dusty Australian outback at sunset. One throws a jab with its front paws, the other leans back to dodge, then retaliates with a kick. Red dust rises from their footwork. The camera circles them slowly.",动物,,打斗场景,动物运动,叙述性描述,运镜,英文,44,,https://zhaojiaqi-new.s3.cn-north-1.jdcloud-oss.com/t2v_eval/t2v_v3_0808_qt_it478000_10s/0260.mp4
262,"During the blue hour, a drone captures a sweeping aerial view of Santorini.",人造空间,,,,叙述性描述,运镜,英文,13,,https://zhaojiaqi-new.s3.cn-north-1.jdcloud-oss.com/t2v_eval/t2v_v3_0808_qt_it478000_10s/0261.mp4
263,"哈利·波特全集产品视频。第一本书封面翻开，翻页转场依次展示全套七册不同封面；镜头硬切至侧面，七本书从空中依次落下堆叠成塔；再切至正面特写，书脊上烫金文字""Harry Potter Complete Set · Genuine Hardcover · Collector's Edition · All 7 Volumes · Includes Illustrated Appendix · Limited Quantities""逐字亮起；最后俯拍全景，书塔旁摆放魔杖与围巾道具，营造沉浸式收藏氛围。","物体,文字为主",,文字生成,,叙述性描述,多镜头,英文,21,,https://zhaojiaqi-new.s3.cn-north-1.jdcloud-oss.com/t2v_eval/t2v_v3_0808_qt_it478000_10s/0262.mp4
264,"A low-angle perspective of a 2D animated street performer juggling flaming torches with exaggerated, rhythmic motions. The camera slowly pans upward from the performer's feet to a medium shot, capturing the vibrant trails of fire and the character's expressive face against a stylized cobblestone street.",人物,表演艺术,,,叙述性描述,运镜,英文,45,,https://zhaojiaqi-new.s3.cn-north-1.jdcloud-oss.com/t2v_eval/t2v_v3_0808_qt_it478000_10s/0263.mp4
265,"A cinematic shot of a small jackalope with soft brown fur and miniature deer antlers hopping playfully across a mossy forest floor. Pale moonlight filters through the dense tree canopy, creating a dreamlike atmosphere with soft shadows. The jackalope moves with a steady, rhythmic gait, its ears twitching as it navigates between ancient, gnarled tree trunks.",动物,,,动物运动,叙述性描述,,英文,56,,https://zhaojiaqi-new.s3.cn-north-1.jdcloud-oss.com/t2v_eval/t2v_v3_0808_qt_it478000_10s/0264.mp4
266,"A cinematic, low-angle tracking shot follows a swarm of delivery drones as they weave rapidly through a dense urban skyline, banking sharply between towering skyscrapers and navigating a complex maze of neon-lit buildings with high-speed precision.",物体,,,刚体位移,叙述性描述,运镜,英文,36,,https://zhaojiaqi-new.s3.cn-north-1.jdcloud-oss.com/t2v_eval/t2v_v3_0808_qt_it478000_10s/0265.mp4
267,无人机从山腰树梢处缓缓升起，俯瞰层叠的山脊与远处的湖面。镜头平稳前推飞越山顶，展现连绵山脉与谷底村庄。,自然景观,,,,叙述性描述,运镜,中文,51,,https://zhaojiaqi-new.s3.cn-north-1.jdcloud-oss.com/t2v_eval/t2v_v3_0808_qt_it478000_10s/0266.mp4
268,在阳光穿过树叶的公园里，镜头缓缓追踪着飞向空中的足球与准备接球的中国孩子。动作被处理为慢镜头，清晰呈现出足球的每一次旋转以及孩子脸上兴奋的神情，这种跟拍手法进一步强化了那一刻的紧张感。,人物,运动体育,,,叙述性描述,"运镜,时间操控",中文,92,,https://zhaojiaqi-new.s3.cn-north-1.jdcloud-oss.com/t2v_eval/t2v_v3_0808_qt_it478000_10s/0267.mp4
269,在一棵高大坚固、枝叶繁茂的大橡树上，一只松鼠和一只花栗鼠正忙着建造树屋。花栗鼠手里拿着蓝图，而松鼠正在专注地钉着钉子。,动物,,,动物运动,日常白话,,中文,59,,https://zhaojiaqi-new.s3.cn-north-1.jdcloud-oss.com/t2v_eval/t2v_v3_0808_qt_it478000_10s/0268.mp4
270,在高科技实验室的中央，一名穿着实验服的科学家正专心地焊接火箭零件。,人物,精细操作,,,日常白话,,中文,33,,https://zhaojiaqi-new.s3.cn-north-1.jdcloud-oss.com/t2v_eval/t2v_v3_0808_qt_it478000_10s/0269.mp4
271,低角度特写追踪一支戴眼镜的铅笔在素描本上绘制复杂图案；硬切至俯拍，戴帽子和领结的橡皮在纸上跳跃逐格擦除错误；再次硬切至全景，一把张开翅膀的剪刀沿直尺滑行裁下画好的图稿。三个角色各自独立行动，背景艺术工作室中堆满画笔与未完成的画作。,物体,,多个体/群体画面,刚体位移,叙述性描述,"运镜,多镜头",中文,115,,https://zhaojiaqi-new.s3.cn-north-1.jdcloud-oss.com/t2v_eval/t2v_v3_0808_qt_it478000_10s/0270.mp4
272,在湿润的水槽表面，一个带有彩虹漩涡的圆形泡泡正在飘浮并旋转，与此同时，一块带着笑容的方形肥皂正灵活地向前滑行。,物体,,,刚体位移,日常白话,,中文,55,,https://zhaojiaqi-new.s3.cn-north-1.jdcloud-oss.com/t2v_eval/t2v_v3_0808_qt_it478000_10s/0271.mp4
273,"A Razer DeathAdder gaming mouse promotional video. The mouse glows with RGB lighting as the camera captures it from multiple angles through light-streak wipe transitions — first showing button clicks, then grip angles. A fast-paced montage of streak wipes builds intensity, ending with the text ""Razer Gaming Artifact"" displayed on screen.",物体,,视觉特效,,叙述性描述,多镜头,英文,51,,https://zhaojiaqi-new.s3.cn-north-1.jdcloud-oss.com/t2v_eval/t2v_v3_0808_qt_it478000_10s/0272.mp4
274,"A low-angle, side-tracking shot, maintaining the viewpoint at eye level with a little girl, follows her as she runs and darts through a park carpeted with golden leaves. The camera steadily captures her innocent smile and the maple leaves swirling in the breeze, creating a vivid and immersive autumn scene.",人物,日常行为,,,叙述性描述,运镜,英文,50,,https://zhaojiaqi-new.s3.cn-north-1.jdcloud-oss.com/t2v_eval/t2v_v3_0808_qt_it478000_10s/0273.mp4
275,镜头以低空视角围绕孤岛缓慢环绕平移，侧向观察海浪轻柔地拍打礁石。阳光穿透层层薄雾洒在海面上，营造出静谧、平和的质感。,自然景观,,,,叙述性描述,运镜,中文,58,,https://zhaojiaqi-new.s3.cn-north-1.jdcloud-oss.com/t2v_eval/t2v_v3_0808_qt_it478000_10s/0274.mp4
276,在深夜的幽静森林中，参天大树间萦绕着淡淡的薄雾，无数翠绿色的萤火虫在空中缓慢律动。镜头跟拍一只淡紫色蝴蝶穿梭在金色光点之间。切至蝴蝶翅膀微距特写，半透明质感在萤火虫光芒中闪烁。切回全景，蝴蝶飞远消失在薄雾中。,动物,,材质质感,动物运动,叙述性描述,"运镜,多镜头",中文,104,,https://zhaojiaqi-new.s3.cn-north-1.jdcloud-oss.com/t2v_eval/t2v_v3_0808_qt_it478000_10s/0275.mp4
277,采用侧向中景镜头跟拍，一只松鼠和一只刺猬正在粗壮的树枝上协作搭建木屋。,动物,,,动物运动,叙述性描述,运镜,中文,35,,https://zhaojiaqi-new.s3.cn-north-1.jdcloud-oss.com/t2v_eval/t2v_v3_0808_qt_it478000_10s/0276.mp4
278,在霓虹闪烁的城市屋顶上，镜头以慢动作捕捉一位正在旋转跳跃的舞者，随风飘动的衣料伴随着动作起伏，绚烂的霓虹灯光完美勾勒出舞者的运动轨迹，远处有大楼上“ON MY WAY”霓虹灯文字标识。,人物,表演艺术,画面构图,,日常白话,时间操控,中文,92,,https://zhaojiaqi-new.s3.cn-north-1.jdcloud-oss.com/t2v_eval/t2v_v3_0808_qt_it478000_10s/0277.mp4
279,实验室内，韩国科学家将第一支试剂缓慢倒入烧瓶，液体变色冒泡；迅速加入第二支催化剂，容器内喷发出火花与浓烟；镜头切至俯拍，火花飞溅形成放射状轨迹；他抓起灭火毯盖住烧瓶，烟雾从边缘涌出；镜头再切至正面特写，他摘下护目镜，额头渗汗，嘴角露出成功的微笑。,人物,日常行为,,,叙述性描述,多镜头,中文,123,,https://zhaojiaqi-new.s3.cn-north-1.jdcloud-oss.com/t2v_eval/t2v_v3_0808_qt_it478000_10s/0278.mp4
280,慢动作镜头，巨浪从远处翻涌而来正面撞击海岸悬崖，水柱冲天；镜头切至崖顶俯拍，海水沿岩缝回流形成漩涡；第二波浪袭来撞碎前一波残留的水幕，水雾中折射出彩虹；镜头再切至水下视角，气泡翻滚，岩壁上海藻被水流猛烈拉扯摆动，碎石随暗流滚落。,自然景观,,,流体/软体,叙述性描述,"多镜头,时间操控",中文,114,,https://zhaojiaqi-new.s3.cn-north-1.jdcloud-oss.com/t2v_eval/t2v_v3_0808_qt_it478000_10s/0279.mp4
281,一个中国小男孩在机场登机口与他的父亲团聚，他们跑向对方时的慢动作，含泪拥抱，柔和的自然光，浅景深。,人物,"社会互动,情绪表情",,,日常白话,时间操控,中文,49,,https://zhaojiaqi-new.s3.cn-north-1.jdcloud-oss.com/t2v_eval/t2v_v3_0808_qt_it478000_10s/0280.mp4
282,一个低角度的平底锅滑过宁静的山湖的玻璃表面，捕捉到锯齿状山峰的镜面反射穿过晨雾，然后扩大到广角视野遥远的山脉。,自然景观,,,,叙述性描述,运镜,中文,55,,https://zhaojiaqi-new.s3.cn-north-1.jdcloud-oss.com/t2v_eval/t2v_v3_0808_qt_it478000_10s/0281.mp4
283,一位年轻的学生在地铁上戴上耳机，按下播放键。特写镜头展现了他平静的脸庞，随着音乐响起，他闭上双眼，头轻轻地随着节拍点头。他用手调整耳机，使其完美贴合。屏幕上显示文字“Sony降噪豆 沉浸音质”。,人物,日常行为,文字生成,,叙述性描述,,中文,97,,https://zhaojiaqi-new.s3.cn-north-1.jdcloud-oss.com/t2v_eval/t2v_v3_0808_qt_it478000_10s/0282.mp4
284,"In slow motion, a dancer on a theater stage spins and leaps gracefully. Stage lights cast dynamic reflections across her flowing movements, while her light clothing sways rhythmically through the air.",人物,表演艺术,,,日常白话,时间操控,英文,31,,https://zhaojiaqi-new.s3.cn-north-1.jdcloud-oss.com/t2v_eval/t2v_v3_0808_qt_it478000_10s/0283.mp4
285,"The camera captures a painter sketching outdoors, bathed in natural light and shadow. Delicate brushstrokes glide across the canvas, which sways gently in the breeze. Occasional drips of paint fall from the brush tip.",人物,精细操作,,,日常白话,,英文,34,,https://zhaojiaqi-new.s3.cn-north-1.jdcloud-oss.com/t2v_eval/t2v_v3_0808_qt_it478000_10s/0284.mp4
286,晨光熹微，光影在排列整齐的街道与屋顶瓦片间流转，镜头从空中缓慢俯瞰整座古城。切至街道平视视角，一个老人推着自行车走过石板路，车轮碾过水洼溅起水珠。切回空中俯瞰，阳光扩散照亮更多屋顶。,"人物,人造空间",日常行为,画面构图,,叙述性描述,"运镜,多镜头",中文,91,,https://zhaojiaqi-new.s3.cn-north-1.jdcloud-oss.com/t2v_eval/t2v_v3_0808_qt_it478000_10s/0285.mp4
287,镜头采用低角度贴地平稳跟随拍摄，近距离捕捉雨后森林中两只在湿润草地上欢快跳跃的兔子，随着它们的起伏动作，草尖的晶莹水珠向四周飞溅。,动物,,,动物运动,叙述性描述,运镜,中文,65,,https://zhaojiaqi-new.s3.cn-north-1.jdcloud-oss.com/t2v_eval/t2v_v3_0808_qt_it478000_10s/0286.mp4
288,在光线柔和的房间内，一个约六岁、表情专注的亚洲小男孩坐在地毯上，正用双手认真地在半成品的彩色乐高城堡上堆叠积木。镜头通过微距特写，清晰地捕捉到他细小的手指捏起一块积木并精准地扣在城堡塔尖上的动作，展现出积木拼接时严丝合缝的物理细节与男孩指尖的灵活运动。,人物,精细操作,,,叙述性描述,,中文,126,,https://zhaojiaqi-new.s3.cn-north-1.jdcloud-oss.com/t2v_eval/t2v_v3_0808_qt_it478000_10s/0287.mp4
289,暗夜千金精致风镜头，顶侧光特写，暗调背景，聚焦一名欧洲女子面部与首饰打光，局部聚光打亮面部与锁骨，背景全暗，高级暗调光影黑色缎面抹胸礼裙，钻石项链与耳饰。眼神慵懒又贵气。一束光落在身上，美得神秘又耀眼。女子先低头并用手抚摸自己的项链，随后又轻轻左右转身，手臂张开。,人物,表演艺术,画面构图,,叙述性描述,,中文,132,,https://zhaojiaqi-new.s3.cn-north-1.jdcloud-oss.com/t2v_eval/t2v_v3_0808_qt_it478000_10s/0288.mp4
290,镜头从街道远端低视角快速推进，穿过夜晚街头暖色街灯下的人群。三组街舞者各占一块地盘：左侧一人跳breaking做托马斯全旋，中间两人对战popping互相镜像模仿，右侧一人跳hip-hop大幅甩臂。镜头环绕切换至中央，breaking舞者突然弹起做空中定格，围观人群后退让出空间。随后三组舞者汇聚到一起，合力完成一段齐舞编排，地面积水在脚步踩踏下飞溅水花，布料褶皱随动作剧烈摆动，街灯光在水雾中形成光晕。,人物,表演艺术,多个体/群体画面,,叙述性描述,"运镜,多镜头",中文,202,,https://zhaojiaqi-new.s3.cn-north-1.jdcloud-oss.com/t2v_eval/t2v_v3_0808_qt_it478000_10s/0289.mp4
291,"宠物店，狗粮袋背面朝外立在墙角。镜头推近至文字区域，定格：""无谷鸡肉成犬粮6kg，粗蛋白≥28%、脂肪≥14%。配料：新鲜鸡肉26%、鸡肉粉18%。原产加拿大，保质期18个月。""切至地面视角，一只大金毛犬和一只无毛猫悠闲地路过狗粮袋。切回文字特写。",文字为主,,文字生成,,叙述性描述,"运镜,多镜头",中文,124,,https://zhaojiaqi-new.s3.cn-north-1.jdcloud-oss.com/t2v_eval/t2v_v3_0808_qt_it478000_10s/0290.mp4
292,镜头捕捉一位正在大镜子前专注进行哑铃弯举的中国男子。画面中呈现出精准的镜面反射与高度一致的背景，随着他规律的弯举动作，可以清晰观察到肌肉的收缩与物理形变，整体呈现出极致的写实细节。,人物,运动体育,,,日常白话,,中文,90,,https://zhaojiaqi-new.s3.cn-north-1.jdcloud-oss.com/t2v_eval/t2v_v3_0808_qt_it478000_10s/0291.mp4
293,延时摄影展现城市建筑群一整天的光影轮转。清晨阳光从楼宇间隙射入，阴影在街道上缓慢位移；镜头切至大楼屋顶视角，正午玻璃幕墙强烈反射光线，广场上行人与车辆快速流动；再切回街道视角，夕阳将整排写字楼染成金红；夜幕降临，窗户灯光逐一亮起，车流尾灯拉成红色光带，霓虹招牌与外墙LED屏交相辉映。,人造空间,,画面构图,,叙述性描述,"多镜头,时间操控",中文,142,,https://zhaojiaqi-new.s3.cn-north-1.jdcloud-oss.com/t2v_eval/t2v_v3_0808_qt_it478000_10s/0292.mp4
294,汽车在高速公路上行驶，车窗外远处出现一个巨型广告牌，上面有密密麻麻的文字。镜头透过车窗玻璃拍摄，随着汽车接近，广告牌逐渐变大，文字短暂清晰后迅速掠过。广告牌内容：“惠民保险，守护您的一生！全面推出‘无忧人生’综合保障计划：涵盖重疾、医疗、意外、寿险四大支柱，最高保额500万元。重疾保障：120种重大疾病，确诊即赔，无需发票，最高赔付3次。医疗保障：一般医疗300万元，重疾医疗600万元，0免赔，100%报销，含进口药、自费药、质子重离子治疗。意外保障：意外身故/伤残100万元，意外医疗5万元，航空意外额外200万元。寿险保障：身故全残100万元，保至70周岁，满期返还所交保费120%。增值服务：免费提供三甲医院专家挂号、住院安排、第二诊疗意见、海外就医协调。现在投保，还可享受家庭套餐优惠：两人投保9折，三人投保85折，四人及以上投保8折！更有机会抽取华为Mate80手机。全国统一客服热线：955XX。官网：www.xxins.com。投资有风险，投保需谨慎，详细条款以保险合同为准。”,文字为主,,文字生成,,日常白话,,中文,448,,https://zhaojiaqi-new.s3.cn-north-1.jdcloud-oss.com/t2v_eval/t2v_v3_0808_qt_it478000_10s/0293.mp4
295,在一个高度写实的镜头中，一位亚裔女商人正在翻阅一块互动式触摸屏展示板，向同事展示动态图表。切至屏幕特写，图表数据跳动更新。切回女商人面部，她用手指圈出一组关键数据，同事们点头。,人物,日常行为,,,叙述性描述,多镜头,中文,88,,https://zhaojiaqi-new.s3.cn-north-1.jdcloud-oss.com/t2v_eval/t2v_v3_0808_qt_it478000_10s/0294.mp4
296,镜头采用中景侧拍位，平滑地聚焦于一名身着职业装的白领。随着手指在键盘上流畅敲击的动作，镜头缓慢向一侧平移，捕捉到其打字动作的停顿以及随后自然流畅的视线转移。办公室内光影写实且背景保持高度稳定，整体画面呈现出极高的技术质量与美学观感。,人物,日常行为,,,叙述性描述,运镜,中文,116,,https://zhaojiaqi-new.s3.cn-north-1.jdcloud-oss.com/t2v_eval/t2v_v3_0808_qt_it478000_10s/0295.mp4
297,一名特种兵手持步枪，在一间房屋内贴墙搜索前进。他快速通过走廊，到门口做停顿手势，随后一脚踢开门举枪扫视房间。镜头从肩部过肩视角跟拍。,人物,运动体育,打斗场景,,叙述性描述,运镜,中文,66,,https://zhaojiaqi-new.s3.cn-north-1.jdcloud-oss.com/t2v_eval/t2v_v3_0808_qt_it478000_10s/0296.mp4
298,微距镜头拍摄金属口红管身上的密集烫金产品信息文字（含成分表、生产批号、品牌故事等）。口红在指间缓慢旋转展示全部文字；镜头切至俯拍，手指旋开盖帽露出砖红色膏体；再切至侧面特写，膏体在唇部缓慢涂抹呈现丝绒哑光质感；最后镜头拉远，模特合上口红放入手袋，转身离开。,"人物,物体,文字为主",精细操作,文字生成,,叙述性描述,"运镜,多镜头",中文,128,,https://zhaojiaqi-new.s3.cn-north-1.jdcloud-oss.com/t2v_eval/t2v_v3_0808_qt_it478000_10s/0297.mp4
299,在温暖的阳光照射下，一位长发的亚洲少女先缓慢旋转一圈，发丝随身体转动飘舞。她突然加速连续转两圈，随后停下做一个单腿站立的造型。切至面部特写，捕捉她微笑的表情和额头细密的汗珠。切回全景，她鞠躬致意。,人物,表演艺术,,,叙述性描述,多镜头,中文,98,,https://zhaojiaqi-new.s3.cn-north-1.jdcloud-oss.com/t2v_eval/t2v_v3_0808_qt_it478000_10s/0298.mp4
300,人类首次踏上火星。宇航员的靴子在红色土壤上留下足迹，镜头缓缓上移展现火星地貌，远处耸立着奥林帕斯山。切至宇航员面罩内的主观视角，呼吸声清晰可闻。切回外部视角，宇航员插上一面印着地球团结标志的旗帜。,人物,日常行为,,,叙述性描述,"运镜,多镜头",中文,98,,https://zhaojiaqi-new.s3.cn-north-1.jdcloud-oss.com/t2v_eval/t2v_v3_0808_qt_it478000_10s/0299.mp4
301,在写实的草地背景下，一个五彩斑斓的呼啦圈正被一只拟人化的大熊猫熟练地飞速转动着；通过动态的镜头追踪，展现熊猫扭动腰肢维持呼啦圈平衡的高难度动作，并确保其动物形态在复杂运动中保持稳定。,动物,,,动物运动,日常白话,运镜,中文,91,,https://zhaojiaqi-new.s3.cn-north-1.jdcloud-oss.com/t2v_eval/t2v_v3_0808_qt_it478000_10s/0300.mp4
302,镜头微距特写，多支颜料管向白色画布挤出浓稠颜料。切至俯拍视角，鲜艳的色彩遵循物理规律相互缠绕、混合，形成动态抽象画面。切回侧面微距，颜料边缘缓慢干燥形成纹理。,物体,,,流体/软体,叙述性描述,多镜头,中文,79,,https://zhaojiaqi-new.s3.cn-north-1.jdcloud-oss.com/t2v_eval/t2v_v3_0808_qt_it478000_10s/0301.mp4
303,热带雨林深处，百米宽的瀑布从断崖倾泻而下，水势磅礴，砸入深潭激起白色水雾；阳光在水雾中形成彩虹，彩虹随水雾飘动；镜头缓慢推近至瀑布底部，水流冲击岩石的轰鸣声扑面而来，水珠飞溅到镜头上模糊又清晰。,自然景观,,,流体/软体,日常白话,运镜,中文,97,,https://zhaojiaqi-new.s3.cn-north-1.jdcloud-oss.com/t2v_eval/t2v_v3_0808_qt_it478000_10s/0302.mp4
304,"A cinematic slow-motion close-up of a single, crystal-clear water droplet slowly forming and detaching from the tip of a damp, glistening limestone stalactite inside a dimly lit cave. The lighting softly highlights the wet, porous texture of the mineral-rich rock. The movement is graceful and focused on the micro-physics of surface tension, maintaining a serene and atmospheric mood.",物体,,,流体/软体,叙述性描述,时间操控,英文,58,,https://zhaojiaqi-new.s3.cn-north-1.jdcloud-oss.com/t2v_eval/t2v_v3_0808_qt_it478000_10s/0303.mp4
305,一个人从九宫格重庆火锅中夹起一片涮毛肚送入口中，十分享受地咀嚼。,人物,日常行为,,,日常白话,,中文,32,,https://zhaojiaqi-new.s3.cn-north-1.jdcloud-oss.com/t2v_eval/t2v_v3_0808_qt_it478000_10s/0304.mp4
306,"On a winter night in the Arctic Circle, the snowfield stretches endlessly under a deep blue sky. A green aurora band appears and slowly dances, intensifying into a shimmering curtain with purple edges that twists and leaps across the sky. The snow reflects a fantastic green glow. A sled pulled by four huskies races across the snowfield, the dogs' breath forming white clouds in the freezing air. The musher raises a hand to shield his eyes from the aurora's brightness. Suddenly a meteor streaks across the sky, leaving an orange trail that cuts through the green curtain. The huskies bark and veer left; the sled tips on one runner before righting itself. The aurora intensifies, rippling in response to the meteor, and the snowfield pulses between green and violet light.","动物,自然景观",日常行为,画面构图,流体/软体,日常白话,,英文,130,,https://zhaojiaqi-new.s3.cn-north-1.jdcloud-oss.com/t2v_eval/t2v_v3_0808_qt_it478000_10s/0305.mp4
307,"A rustic stone cottage in a remote green valley during a quiet afternoon. Soft sunlight filters through oak trees. The camera tracks toward the front door. Cut to interior view: warm light fills the kitchen, a kettle steams on the stove. Cut back to exterior as smoke curls from the chimney.",人造空间,,,,叙述性描述,"运镜,多镜头",英文,51,,https://zhaojiaqi-new.s3.cn-north-1.jdcloud-oss.com/t2v_eval/t2v_v3_0808_qt_it478000_10s/0306.mp4
308,夜幕降临，镜头低角度穿梭于东京六本木的灯火街道。摩天大楼霓虹灯逐一亮起，映照出现代质感。一辆出租车溅起路面积水，水花在霓虹灯下呈彩色。行人步履匆匆撑着透明伞，露天咖啡馆散发暖光，服务员端着托盘在桌间穿行。镜头掠向六本木之丘的上坡路，一对情侣在自动扶梯上回头张望夜景。到达高处平台，镜头从跟拍切换为广角仰拍，远处东京塔红光闪烁，一架飞机尾灯划过塔尖上方的夜空。地面水洼中倒映着塔身与流动的云层。,人造空间,,画面构图,,叙述性描述,运镜,中文,196,,https://zhaojiaqi-new.s3.cn-north-1.jdcloud-oss.com/t2v_eval/t2v_v3_0808_qt_it478000_10s/0307.mp4
309,在现代化大剧院的舞台上，一只红润的苹果坐在评委席上，专注地为选手提供反馈。舞台中央，黄色香蕉主持人手持金色话筒，边跳边唱并讲笑话。五彩射灯交错，观众席中掌声欢呼不断，场景充满奇幻与热烈的选秀氛围。,物体,,概念重组,,日常白话,,中文,98,,https://zhaojiaqi-new.s3.cn-north-1.jdcloud-oss.com/t2v_eval/t2v_v3_0808_qt_it478000_10s/0308.mp4
310,视角从调色盘的近景平滑切换至艺术家侧后方，捕捉其手持画笔精准蘸取浓郁颜料并于画布上自然涂抹的动态。,人物,精细操作,,,叙述性描述,运镜,中文,49,,https://zhaojiaqi-new.s3.cn-north-1.jdcloud-oss.com/t2v_eval/t2v_v3_0808_qt_it478000_10s/0309.mp4
311,一台履带式机器人在荒废的工业区内平稳前行，展现写实的废土美学风格。光影交错中，金属装甲质感分明，摄像头旋转观察，红色指示灯有节奏闪烁。履带在沙地上留下清晰压痕，机械运动流畅稳定。,物体,,材质质感,刚体位移,日常白话,,中文,89,,https://zhaojiaqi-new.s3.cn-north-1.jdcloud-oss.com/t2v_eval/t2v_v3_0808_qt_it478000_10s/0310.mp4
312,摄像机从低角度环绕移动，聚焦于卧室内熟睡女孩的侧颜。她的枕头缓缓悬浮在空中并轻微旋转。镜头捕捉枕头悬浮的动态，同时保持卧室背景稳定，营造出宁静的超现实梦境场景。,人物,,视觉特效,刚体位移,叙述性描述,运镜,中文,80,,https://zhaojiaqi-new.s3.cn-north-1.jdcloud-oss.com/t2v_eval/t2v_v3_0808_qt_it478000_10s/0311.mp4
313,"On a golden autumn day in the city, fallen leaves blanket the streets as a light drizzle falls. Several pedestrians holding transparent or dark umbrellas cross a rain-flooded asphalt road. The camera pans smoothly forward at a low angle, capturing the reflections of buildings and streetlights shimmering in the water, the surface rippling with each footstep.",人造空间,,画面构图,,叙述性描述,运镜,英文,56,,https://zhaojiaqi-new.s3.cn-north-1.jdcloud-oss.com/t2v_eval/t2v_v3_0808_qt_it478000_10s/0312.mp4
314,"A serene, slow-panning cinematic shot of Mount Yoshino during the soft light of early twilight. The sky is a gradient of deep indigo and pale violet, casting a gentle glow over the mountain slopes covered in cherry blossom trees. Wisps of evening mist roll slowly through the valleys, while a few petals drift lazily in the cool breeze. The atmosphere is quiet and stable, capturing the traditional Japanese landscape with high clarity and
smooth camera movement.",自然景观,,画面构图,静态/微动,叙述性描述,运镜,英文,75,,https://zhaojiaqi-new.s3.cn-north-1.jdcloud-oss.com/t2v_eval/t2v_v3_0808_qt_it478000_10s/0313.mp4
315,"A wide-angle cinematic shot that dynamically transitions into a medium view of a Chinese flight attendant demonstrating safety procedures inside an airplane cabin. The camera pans and orbits around her as she calmly demonstrates the use of an oxygen mask and points toward emergency exits, capturing fluid hand movements and the realistic textures of the aircraft interior with high-quality stability.",人物,日常行为,,,叙述性描述,运镜,英文,60,,https://zhaojiaqi-new.s3.cn-north-1.jdcloud-oss.com/t2v_eval/t2v_v3_0808_qt_it478000_10s/0314.mp4
316,"A dynamic exterior tracking shot of a high-speed anime train racing through a vibrant countryside. The camera moves parallel to the speeding carriage, focusing on a side window where the lead character is seen looking out, their hair and clothes slightly rustling, with the landscape behind them blurred into streaks of green and gold.","人物,物体",日常行为,风格化,刚体位移,叙述性描述,运镜,英文,54,,https://zhaojiaqi-new.s3.cn-north-1.jdcloud-oss.com/t2v_eval/t2v_v3_0808_qt_it478000_10s/0315.mp4
317,"A low-angle perspective from the rain-slicked pavement of late-night Tokyo. The camera remains low, capturing the shivering neon reflections on the ground in the foreground. Above, an elevated train rumbles past.",人造空间,,画面构图,,叙述性描述,,英文,31,,https://zhaojiaqi-new.s3.cn-north-1.jdcloud-oss.com/t2v_eval/t2v_v3_0808_qt_it478000_10s/0316.mp4
318,"A wide, high-angle aerial perspective looking down at a futuristic spaceport situated on a floating platform in the middle of the ocean. Multiple rockets of varying dimensions are stationed across the deck. The camera maintains a steady, elevated view, capturing the atmospheric shimmering of heat haze and the subtle glow of pre-launch lights as the largest rocket's engines begin to hum with energy.",人造空间,,,,叙述性描述,,英文,63,,https://zhaojiaqi-new.s3.cn-north-1.jdcloud-oss.com/t2v_eval/t2v_v3_0808_qt_it478000_10s/0317.mp4
319,镜头从侧面低角度缓缓推入，特写厨师在白色瓷盘上用镊子精细摆盘，背景烛光朦胧。随后慢动作捕捉刀叉切开法式烤鸭，展现肉质纤维张力与红酒酱汁缓缓流淌的细节。,人物,日常行为,,,叙述性描述,"运镜,时间操控",中文,75,,https://zhaojiaqi-new.s3.cn-north-1.jdcloud-oss.com/t2v_eval/t2v_v3_0808_qt_it478000_10s/0318.mp4
320,"A wide-angle, high-angle perspective of a futuristic VR training simulation within a vast warehouse. The scene is viewed through a digital heads-up display that subtly overlays the environment, with glowing neon outlines marking structural weak points on the steel beams. In the center, a cargo pallet hovers with minimal micro-vibrations, perfectly stabilized. The lighting is dim with soft digital glows, emphasizing a calm
and steady atmosphere.",人造空间,,视觉特效,,叙述性描述,,英文,65,,https://zhaojiaqi-new.s3.cn-north-1.jdcloud-oss.com/t2v_eval/t2v_v3_0808_qt_it478000_10s/0319.mp4
321,消防员，30岁，着火大楼，水管，浓烟，紧迫。,人物,日常行为,,,日常白话,,中文,22,,https://zhaojiaqi-new.s3.cn-north-1.jdcloud-oss.com/t2v_eval/t2v_v3_0808_qt_it478000_10s/0320.mp4
322,清晨，一束光刚刚洒在阳台上，透过窗户照到了室内，阳台上盆栽叶片上的露珠在照射下闪闪发光,物体,,画面构图,静态/微动,日常白话,,中文,43,,https://zhaojiaqi-new.s3.cn-north-1.jdcloud-oss.com/t2v_eval/t2v_v3_0808_qt_it478000_10s/0321.mp4
323,"A close-up video shows a light blue cotton towel being gently wrung out on a clean white countertop. The hands slowly twist the towel in opposite directions, squeezing out drops of water. Then the hands unfold the towel flat and carefully fold it into a neat rectangle. The camera slowly pulls back to reveal the folded towel beside a bar of soap. Soft, even lighting highlights the towel's fabric texture throughout.","人物,物体",日常行为,材质质感,,叙述性描述,运镜,英文,71,,https://zhaojiaqi-new.s3.cn-north-1.jdcloud-oss.com/t2v_eval/t2v_v3_0808_qt_it478000_10s/0322.mp4
324,"A Chinese scientist in a sterile lab interacting with a DNA sequencer. The cool blue light from the pulsing holographic interface illuminates the scientist's focused face, while complex genetic sequences stream and shift rapidly across the screens in high-speed motion.",人物,日常行为,画面构图,,日常白话,,英文,40,,https://zhaojiaqi-new.s3.cn-north-1.jdcloud-oss.com/t2v_eval/t2v_v3_0808_qt_it478000_10s/0323.mp4
325,"In front of a crosswalk, a blind man holds the leash of his guide dog and waits, the dog squatting beside his feet. Cut to a close-up of the traffic light turning green. Cut back to a wide shot as the dog stands up and leads the man steadily across the road.","人物,动物",日常行为,,,叙述性描述,多镜头,英文,52,,https://zhaojiaqi-new.s3.cn-north-1.jdcloud-oss.com/t2v_eval/t2v_v3_0808_qt_it478000_10s/0324.mp4
326,"A cinematic view deep inside a limestone cavern system near Waitomo. Ancient damp rock walls glisten with moisture, hanging stalactites overhead. Soft blue bioluminescence from glowworms flickers across the cavern. Cut to a close-up of glowworm threads dangling from the ceiling. Cut back to wide shot as a small boat drifts silently through the underground river.",自然景观,,画面构图,静态/微动,叙述性描述,多镜头,英文,56,,https://zhaojiaqi-new.s3.cn-north-1.jdcloud-oss.com/t2v_eval/t2v_v3_0808_qt_it478000_10s/0325.mp4
327,An orbital shot circles a Chinese figure skater in slow motion during a triple axel. The camera moves smoothly to capture every moment of the rotation. Ice crystals spray in perfect arcs while stadium lights create dramatic edge lighting on the athlete's form. The crowd becomes a soft blur of color in the background.,人物,运动体育,画面构图,,叙述性描述,"运镜,时间操控",英文,54,,https://zhaojiaqi-new.s3.cn-north-1.jdcloud-oss.com/t2v_eval/t2v_v3_0808_qt_it478000_10s/0326.mp4
328,"A breathtaking cinematic time-lapse capturing the ruins of an ancient stone temple at dawn. As the golden sun crests the horizon, its warm light slowly travels across weathered grey pillars and moss-laden stones, gradually unveiling masterfully crafted relief carvings. Wisps of morning mist dissipate in the soft light, and long shadows retreat to reveal the vibrant greens of the thick moss. The scene is permeated with a peaceful, sacred atmosphere, emphasizing the subtle shift in lighting and the detailed
textures of the aged stone.",人造空间,,画面构图,静态/微动,叙述性描述,时间操控,英文,83,,https://zhaojiaqi-new.s3.cn-north-1.jdcloud-oss.com/t2v_eval/t2v_v3_0808_qt_it478000_10s/0327.mp4
329,"The camera uses a low-angle tracking shot, closely following a lion pacing across a vast grassland, golden sunlight dancing on its bushy mane. As the lion stops and locks onto its prey, the camera zooms in for a close-up of its sharp eyes; then, as it leaps and sprints at full speed, the camera switches to a high-speed side-view pan, capturing the explosive power and speed of its charge towards its prey.",动物,,,动物运动,叙述性描述,运镜,英文,72,,https://zhaojiaqi-new.s3.cn-north-1.jdcloud-oss.com/t2v_eval/t2v_v3_0808_qt_it478000_10s/0328.mp4
330,在烈日照耀的赛道上，红色的闪电麦昆如一道幻影般飞驰而过，轮胎与柏油路面剧烈摩擦产生青烟。镜头由远及近切换至前脸特写，他那双充满神采的眼睛里透着自信与激昂。紧接着，他猛然刹车，车身顺势做出一个完美的90度侧向漂移，伴随着漫天飞扬的黄色沙尘和低沉的轰鸣声。当尘埃在夕阳余晖中缓缓散去，麦昆的车头稳稳定格，嘴角勾起一抹标志性的得意微笑，漆面闪烁着耀眼的金属质感。,物体,,材质质感,刚体位移,叙述性描述,"运镜,时间操控",中文,178,,https://zhaojiaqi-new.s3.cn-north-1.jdcloud-oss.com/t2v_eval/t2v_v3_0808_qt_it478000_10s/0329.mp4
331,"A nomadic alchemist wearing a weathered hooded cloak strolls through a dense, mysterious forest illuminated by giant bioluminescent mushrooms. Several glass medicine bottles filled with translucent liquid hang from a thick belt, shaking and jingling with every step. The alchemist bends down and carefully picks sparkling silver herbs from the moss-covered ground, while nearby exotic flowers vibrate rhythmically, as if whispering in the cool, glowing atmosphere.",人物,日常行为,画面构图,,日常白话,,英文,66,,https://zhaojiaqi-new.s3.cn-north-1.jdcloud-oss.com/t2v_eval/t2v_v3_0808_qt_it478000_10s/0330.mp4
332,"A highly detailed, ancient brass clockwork oracle rests motionless in a dimly lit, vaulted temple. Glowing blue constellations are etched across its intricate metallic surface. Thick swirling plumes of incense smoke drift around it, and soft beams of light pierce through the haze, illuminating the oracle's elaborate golden gears in exquisite detail.",物体,,材质质感,静态/微动,日常白话,,英文,52,,https://zhaojiaqi-new.s3.cn-north-1.jdcloud-oss.com/t2v_eval/t2v_v3_0808_qt_it478000_10s/0331.mp4
333,在巍峨雪山脚下的静谧村庄，一场盛大的冬季庆典正在进行。镜头从几片晶莹剔透、缓缓飘落的雪花微距特写开始，随着镜头轻柔平滑地向下俯冲，画面逐渐展现出雪地中一群戴着彩色毛线帽的孩子们，他们正欢快地合力堆起圆滚滚的雪人，另一侧则在进行激烈的打雪仗，飞散的雪粉在空中清晰可见。画面中心是一团熊熊燃烧的橙红篝火，木柴噼啪作响，火星向深蓝色的夜空飞溅。围在火边的成年人们有节奏地敲击着蒙皮手鼓，身躯随韵律轻微摇摆，明亮的火光在每个人的面庞上跳跃，映出红润的肤色。最后，镜头平稳地向后拉远形成全景，整座村庄点缀在冷色调的蓝色雪地与暖色调的篝火辉映中，呈现出极致的宁静与祥和。,人物,"日常行为,表演艺术",多个体/群体画面,,叙述性描述,运镜,中文,279,,https://zhaojiaqi-new.s3.cn-north-1.jdcloud-oss.com/t2v_eval/t2v_v3_0808_qt_it478000_10s/0332.mp4
334,写真写实风格。夜晚，室内浅暖黄色灯光柔和，窗外下雨，玻璃上布满水珠。一位22岁的非洲女子，黑褐色长卷发，穿着宽松的米白色毛绒睡衣套装，上衣印有卡通黑猫图案，搭配白色长裤。她靠坐在客厅地毯上，腿上盖着毛毯，身旁矮桌上放着一盆蓝莓和一个平板支架。她正在吃蓝莓，目光看向不再画面内的电视屏幕，偶尔打开手机看一下并轻笑。中景镜头，景深自然，前景柔和。光影层次丰富细腻，氛围轻松温馨，充满生活气息和高级美感。,人物,日常行为,画面构图,,叙述性描述,,中文,199,,https://zhaojiaqi-new.s3.cn-north-1.jdcloud-oss.com/t2v_eval/t2v_v3_0808_qt_it478000_10s/0333.mp4
335,采用动感的跟拍视角，镜头首先从低角度锁定一名身穿复古棕色皮夹克、戴着宽檐帽的牛仔。随着马匹在草原上飞驰，摄像机由侧面平移迅速切换至斜后方的追随视角，清晰地展现牛仔手臂发力、熟练地在头顶旋转长套索的连贯动作。当他精准地将套索抛向前方狂奔的小牛时，镜头伴随绳索的飞行轨迹进行快速推进，捕捉套索在空中因离心力形成的动态圆环。画面背景中落日的余晖穿透飞扬的尘土，呈现出极具物理质感与光影张力的电影级动态场景。,"人物,动物",运动体育,画面构图,,叙述性描述,运镜,中文,200,,https://zhaojiaqi-new.s3.cn-north-1.jdcloud-oss.com/t2v_eval/t2v_v3_0808_qt_it478000_10s/0334.mp4
336,这是一段极致清晰的微观摄影。一滴深红色的墨水从上方缓缓坠落，精准地击中清澈见底的水面。随着撞击，墨水开始在水中优雅地向四周扩散，丝滑的红色线条如同精致的红绸缎在水中飘动。随着时间推移，墨水逐渐演变成复杂的、烟雾缭绕的云雾状结构，在光线的折射下呈现出深浅不一的红色层次感。画面中杯内的总水量保持恒定，液面高度稳定，水流的扩散遵循真实的流体力学规律，过程缓慢且丝滑。背景纯净且带有细腻的虚化效果，突出了流体运动的纹理和物理真实感。,抽象形体,,,流体/软体,日常白话,,中文,213,,https://zhaojiaqi-new.s3.cn-north-1.jdcloud-oss.com/t2v_eval/t2v_v3_0808_qt_it478000_10s/0335.mp4
337,镜头采用动感的低角度跟踪拍摄，2D热血动漫风格，紧贴航母甲板随第一架银色战机同步冲刺。随着机头拉升，相机平滑切换至广角侧随视角，依次捕捉蓝色与黑色战机从甲板弹射起飞的连贯过程。随后镜头转为高空俯瞰并迅速俯冲，以飞行视角穿梭在三架保持编队的飞行器之间。阳光在不同机身的金属涂装上产生一致的折射光影，物理动态极其真实，史诗般的空战大片质感。,物体,,风格化,刚体位移,叙述性描述,运镜,中文,168,,https://zhaojiaqi-new.s3.cn-north-1.jdcloud-oss.com/t2v_eval/t2v_v3_0808_qt_it478000_10s/0336.mp4
338,一名侦探站在一间光线昏暗的房间里，手持一件物品，若有所思地端详着。,人物,情绪表情,,,日常白话,,中文,33,,https://zhaojiaqi-new.s3.cn-north-1.jdcloud-oss.com/t2v_eval/t2v_v3_0808_qt_it478000_10s/0337.mp4
339,一名年轻男子在地铁中静坐不动，周围是快速移动的模糊人影。车门开了，人群涌入，一个女人的包蹭到他肩膀，他无反应。镜头从远景慢慢拉近至他面部特写，捕捉他几乎不眨动的双眼。,人物,情绪表情,,,叙述性描述,运镜,中文,83,,https://zhaojiaqi-new.s3.cn-north-1.jdcloud-oss.com/t2v_eval/t2v_v3_0808_qt_it478000_10s/0338.mp4
340,咖啡馆里，特写拍摄老年男人，他若有所思地坐着，眼神专注。随后他的表情从沉思逐渐变成微笑，抬手撩了一下头发，眼神中透出一种找到答案般的欣慰。,人物,情绪表情,,,叙述性描述,,中文,69,,https://zhaojiaqi-new.s3.cn-north-1.jdcloud-oss.com/t2v_eval/t2v_v3_0808_qt_it478000_10s/0339.mp4
341,一名英俊男子立于薄雾笼罩的山脊之上。他身着利落实用的户外装备—— 深炭灰色防风夹克、专业登山裤，双肩背着登山包。山风微凉，吹乱了他的发丝，神情沉静而坚毅。背景是翻涌的缥缈云雾，在嶙峋怪石间缭绕飘散，偶有间隙，远方巍峨的雪山便露出一角。镜头从男子身后缓缓推进，他正凝视着脚下云雾翻涌的深渊。凛冽的空气中，他呼出的气息凝成白雾，化作自然的氛围感细节。他微微转向镜头，锐利的眼眸中透着不屈的韧劲。,人物,情绪表情,,,叙述性描述,运镜,中文,195,,https://zhaojiaqi-new.s3.cn-north-1.jdcloud-oss.com/t2v_eval/t2v_v3_0808_qt_it478000_10s/0340.mp4
342,跟拍中景，西装男快速穿过人流，神情专注。镜头跟着男人人群中穿梭推进，制造节奏压迫感。他最终站在车门前，深呼吸，抬头向上看。,人物,日常行为,,,叙述性描述,运镜,中文,61,,https://zhaojiaqi-new.s3.cn-north-1.jdcloud-oss.com/t2v_eval/t2v_v3_0808_qt_it478000_10s/0341.mp4
343,"A close-up of a wok on a stove, filled with colorful vegetables being stir-fried over high heat.",物体,,,刚体位移,叙述性描述,,英文,17,,https://zhaojiaqi-new.s3.cn-north-1.jdcloud-oss.com/t2v_eval/t2v_v3_0808_qt_it478000_10s/0342.mp4
344,风吹麦浪，小男孩在田野中行走。,人物,日常行为,,,日常白话,,中文,15,,https://zhaojiaqi-new.s3.cn-north-1.jdcloud-oss.com/t2v_eval/t2v_v3_0808_qt_it478000_10s/0343.mp4
345,"A person is seen meticulously folding freshly laundered clothes on a clean bed. They are smoothing out wrinkles with their hands and stacking t-shirts into neat, organized piles. The room is filled with soft, natural morning light, creating a warm and productive atmosphere.",人物,日常行为,,,日常白话,,英文,43,,https://zhaojiaqi-new.s3.cn-north-1.jdcloud-oss.com/t2v_eval/t2v_v3_0808_qt_it478000_10s/0344.mp4
346,直播间一个漂亮的女士正在介绍手里的衬衫。,人物,日常行为,,,日常白话,,中文,20,,https://zhaojiaqi-new.s3.cn-north-1.jdcloud-oss.com/t2v_eval/t2v_v3_0808_qt_it478000_10s/0345.mp4
347,新年来了，超市里十分热闹，到处张灯结彩。,人物,日常行为,多个体/群体画面,,日常白话,,中文,20,,https://zhaojiaqi-new.s3.cn-north-1.jdcloud-oss.com/t2v_eval/t2v_v3_0808_qt_it478000_10s/0346.mp4
348,"A group of people is sitting comfortably on the wooden deck of a cruise ship, gazing out at the endless expanse of the open sea. The sky is painted in stunning shades of orange, pink, and purple as the sun slowly sets on the horizon, casting a golden reflection across the gently rolling waves. Some are lounging on cushioned deck chairs with sunglasses on, sipping cool drinks and chatting softly. Others are leaning against the railing, pointing at distant dolphins leaping out of the water or admiring the distant silhouette of a passing island. A couple is wrapped in a warm blanket, snuggled close together, watching the breathtaking view in peaceful silence. The cool ocean breeze rustles through their hair, and the rhythmic sound of waves lapping against the hull creates a soothing, tranquil atmosphere. Everyone seems completely at ease, immersed in the beauty of nature and the shared joy of this serene moment at sea.",人物,日常行为,多个体/群体画面,,日常白话,,英文,156,,https://zhaojiaqi-new.s3.cn-north-1.jdcloud-oss.com/t2v_eval/t2v_v3_0808_qt_it478000_10s/0347.mp4
349,"The students in the classroom are listening attentively to the lesson.

",人物,日常行为,多个体/群体画面,,日常白话,,英文,11,,https://zhaojiaqi-new.s3.cn-north-1.jdcloud-oss.com/t2v_eval/t2v_v3_0808_qt_it478000_10s/0348.mp4
350,"A group of believers gathers in the old stone church, their footsteps muffled by the worn red carpet that runs down the center aisle. They settle into the wooden pews—some kneeling, some sitting with heads bowed, others standing with eyes raised toward the stained-glass window where morning light spills in gold and blue.",人物,日常行为,多个体/群体画面,,日常白话,,英文,53,,https://zhaojiaqi-new.s3.cn-north-1.jdcloud-oss.com/t2v_eval/t2v_v3_0808_qt_it478000_10s/0349.mp4
351,一个漂亮的女孩坐在沙发上边喝咖啡边看书。,人物,日常行为,,,日常白话,,中文,20,,https://zhaojiaqi-new.s3.cn-north-1.jdcloud-oss.com/t2v_eval/t2v_v3_0808_qt_it478000_10s/0350.mp4
352,A lively family gathers around the dining table for a meal together.,人物,社会互动,多个体/群体画面,,日常白话,,英文,12,,https://zhaojiaqi-new.s3.cn-north-1.jdcloud-oss.com/t2v_eval/t2v_v3_0808_qt_it478000_10s/0351.mp4
353,清晨，一位少年骑着自行车在欧洲老城区的石板路上匀速前行。,人物,日常行为,,,日常白话,,中文,28,,https://zhaojiaqi-new.s3.cn-north-1.jdcloud-oss.com/t2v_eval/t2v_v3_0808_qt_it478000_10s/0352.mp4
354,一位欧洲新娘在婚礼前独自站在化妆镜前。镜头从镜中她微笑整理发饰的特写开始，缓慢推进。她拿起桌上的口红涂抹嘴唇，对着镜子满意地点头。,人物,精细操作,,,叙述性描述,运镜,中文,65,,https://zhaojiaqi-new.s3.cn-north-1.jdcloud-oss.com/t2v_eval/t2v_v3_0808_qt_it478000_10s/0353.mp4
355,一个愤怒的男人站在房间里，双拳紧握，眉头紧锁，嘴唇微微颤抖。,人物,情绪表情,,,日常白话,,中文,30,,https://zhaojiaqi-new.s3.cn-north-1.jdcloud-oss.com/t2v_eval/t2v_v3_0808_qt_it478000_10s/0354.mp4
356,"In a single continuous cinematic shot, the camera starts from outside a glass window and slowly pushes inward into a pizza shop. A bearded employee removes a pizza from the oven, places it into a red takeaway box, and hands it to a waiting customer with a warm smile. The shot ends with an over-the-shoulder perspective.",人物,日常行为,,,专业影视语言,运镜,英文,56,,https://zhaojiaqi-new.s3.cn-north-1.jdcloud-oss.com/t2v_eval/t2v_v3_0808_qt_it478000_10s/0355.mp4
357,"On a nighttime urban street with reflective wet pavement and neon lighting, a group of young street dancers forms a semicircle. One dancer steps into the center and performs a solo featuring dynamic floor moves and freezes. The camera slowly circles around the dancer, maintaining a cinematic, stable frame with photorealistic detail.",人物,表演艺术,画面构图,,叙述性描述,运镜,英文,52,,https://zhaojiaqi-new.s3.cn-north-1.jdcloud-oss.com/t2v_eval/t2v_v3_0808_qt_it478000_10s/0356.mp4
358,纽约写字楼办公区，一名外国男职员站在打印机旁，低头翻看手中刚打印出来的文件。,人物,日常行为,,,日常白话,,中文,38,,https://zhaojiaqi-new.s3.cn-north-1.jdcloud-oss.com/t2v_eval/t2v_v3_0808_qt_it478000_10s/0357.mp4
359,"Shot in a fashion magazine style with a handheld camera and motion blur, a group of 18-year-old hippie goths gather at a warehouse party. One of them sprays graffiti on the wall while another dances wildly under flickering strobe lights. The camera pushes through the crowd toward a DJ booth, capturing the scene with a horror-movie-inspired cinematic intensity.",人物,表演艺术,风格化,,叙述性描述,运镜,英文,58,,https://zhaojiaqi-new.s3.cn-north-1.jdcloud-oss.com/t2v_eval/t2v_v3_0808_qt_it478000_10s/0358.mp4
360,"A wide establishing shot reveals a spacious ballet studio with floor-to-ceiling windows and golden afternoon light streaming in. Twelve ballerinas in matching pale pink tutus and satin pointe shoes stand in perfect formation across the wooden floor. The camera slowly dollies forward as they begin a synchronized grand jeté, their bodies suspended in mid-air at the peak of the leap with arms arched gracefully. Sweat glistens on their brows, their reflections visible in the wall-length mirrors. In the foreground, a choreographer stands with her back to the camera, gesturing with subtle hand movements as dust motes dance in the sunbeams.",人物,表演艺术,多个体/群体画面,,专业影视语言,运镜,英文,100,,https://zhaojiaqi-new.s3.cn-north-1.jdcloud-oss.com/t2v_eval/t2v_v3_0808_qt_it478000_10s/0359.mp4
361,中近景镜头，两群职场人士在现代会议室中相对而立。一位藏青西装男将合同推到桌面中央，对面白色西装女审视后签字，两人起身握手。镜头缓慢推近至握手特写。,人物,社会互动,属性绑定,,叙述性描述,运镜,中文,73,,https://zhaojiaqi-new.s3.cn-north-1.jdcloud-oss.com/t2v_eval/t2v_v3_0808_qt_it478000_10s/0360.mp4
362,"Low-angle tracking shot, eight runners in colorful athletic wear jog steadily along a misty riverside path at dawn. The camera tracks alongside at ground level. The lead runner gradually accelerates and pulls ahead of the pack.",人物,运动体育,多个体/群体画面,,专业影视语言,运镜,英文,36,,https://zhaojiaqi-new.s3.cn-north-1.jdcloud-oss.com/t2v_eval/t2v_v3_0808_qt_it478000_10s/0361.mp4
363,"A wide, dynamic shot from ground level captures a group of eight teenagers playing street football in a narrow cobblestone alley between old colorful buildings. The camera sits low near the goalpost, framing the action from an acute angle. A boy in a yellow jersey dribbles the ball diagonally across the frame as three defenders close in from both sides, their bodies leaning sharply into the sprint. Another player in red makes a sliding tackle, sending dust and small pebbles flying. Shadows stretch long from the setting sun behind them, and rapid camera pans follow the ball's movement.",人物,运动体育,多个体/群体画面,,专业影视语言,运镜,英文,98,,https://zhaojiaqi-new.s3.cn-north-1.jdcloud-oss.com/t2v_eval/t2v_v3_0808_qt_it478000_10s/0362.mp4
364,轻微俯拍广角定场镜头，黄昏时分热闹的游乐场。一座华丽复古的旋转木马，金色的灯串和彩绘木马在画面正中央优雅旋转，周围簇拥着全家出游的人群、孩子们和情侣。孩子们紧紧抱住木马，睁大眼睛满怀兴奋，而家长们在一旁挥手，脸庞被彩灯温暖的光芒照亮。摄影机缓慢右摇，背景中一座过山车正在翻转，摩天轮在深紫色的暮色天空下熠熠发光。多重景深层次——中景的旋转木马、前景的观众、背景的游乐设施——营造出丰富的空间构图。旋转木马的运动略作模糊处理形成动态对比，而笑脸则锐利清晰。鲜艳霓虹色与深邃暮色蓝形成对比，电影级画质，4K高清，欢乐而梦幻的氛围，充满笑声与惊奇。,"人物,物体",日常行为,画面构图,,专业影视语言,运镜,中文,271,,https://zhaojiaqi-new.s3.cn-north-1.jdcloud-oss.com/t2v_eval/t2v_v3_0808_qt_it478000_10s/0363.mp4
365,赛车在金字塔前的赛道上呼啸而过，黄沙在轮胎下扬起。镜头贴地，赛车飞驰过弯，沙尘飘散。多个赛车在蜿蜒赛道上交错超车，构图呈现金字塔剪影与疾速并存的张力。【高空无人机镜头】俯瞰整条沙漠赛道，展示车流轨迹与落日余晖交织的动态美感。,物体,,,刚体位移,专业影视语言,"运镜,多镜头",中文,112,,https://zhaojiaqi-new.s3.cn-north-1.jdcloud-oss.com/t2v_eval/t2v_v3_0808_qt_it478000_10s/0364.mp4
366,场景设定：一个广阔的科幻机库或对接舱，向外望去是未来主义的天际线——高耸入云的尖塔沐浴在冷冽的日光中。地面是抛光金属材质，映出细微的建筑细节。镜头从阴影笼罩的机库内部深处开始，低位居中，向外凝视。镜头缓慢前推，逐渐展现更多由敞开的舱口框住的明亮天际线。推进时，地面上柔和的蓝色反光闪烁延伸。远处的高耸城市景观愈发清晰—抽象、高得不可思议的庞大建筑群。天际线上的光线微妙变化，暗示某种运动的开始——或许有什么正在抵达，或即将启程。最后几秒在机库地面边缘与外部平台相接时结束 ——城市仍遥不可及，刧似乎蕴藏着潜在的能量。,人造空间,,材质质感,,叙述性描述,运镜,中文,258,,https://zhaojiaqi-new.s3.cn-north-1.jdcloud-oss.com/t2v_eval/t2v_v3_0808_qt_it478000_10s/0365.mp4
367,一幅充满活力的插画，一只蓝色金刚鹦鹉从色彩丰富的热带树冠中展翅飞出。镜头缓缓跟随它滑翔穿过斑斓背景，羽毛在阳光下闪烁虹彩。背景融入艺术图形元素和有机形状，风格鲜明富有表现力。,动物,,风格化,动物运动,叙述性描述,运镜,中文,87,,https://zhaojiaqi-new.s3.cn-north-1.jdcloud-oss.com/t2v_eval/t2v_v3_0808_qt_it478000_10s/0366.mp4
368,写实风格，一段玻璃楼梯在淡紫色的天空中螺旋而上，玻璃楼梯反射出漂亮的光影。一位赤足的舞者拾级而上，镜头随着她一同上升。,"人物,物体",日常行为,,,日常白话,运镜,中文,59,,https://zhaojiaqi-new.s3.cn-north-1.jdcloud-oss.com/t2v_eval/t2v_v3_0808_qt_it478000_10s/0367.mp4
369,花园中，微风吹动花枝左右摇摆，一只蜜蜂从花丛中飞出绕了一圈又落回花蕊。旁边喷泉水珠抛起后落入池面溅出涟漪。阳光穿过酒瓶在桌面投射出彩色折射光斑，光斑随云层移动缓慢变化。,"动物,物体",,,动物运动,日常白话,,中文,84,,https://zhaojiaqi-new.s3.cn-north-1.jdcloud-oss.com/t2v_eval/t2v_v3_0808_qt_it478000_10s/0368.mp4
370,一片梦幻的雏菊花田在微风中轻轻摇曳，薄雾在背景中萦绕不散。,自然景观,,,静态/微动,日常白话,,中文,29,,https://zhaojiaqi-new.s3.cn-north-1.jdcloud-oss.com/t2v_eval/t2v_v3_0808_qt_it478000_10s/0369.mp4
371,一个穿着破旧宇航服的年轻宇航员坐在昏暗的太空舱驾驶舱内，头盔玻璃上布满雾气和划痕，仪表盘闪烁着橙黄色灯光，氛围紧张而孤寂。视频从这个静态首帧开始，镜头快速拉近宇航员的脸部，随即切换到舱外，展现飞船急速穿越暴风雪般的太空尘埃风暴。太空科幻风格。,"人物,物体",日常行为,风格化,,叙述性描述,"运镜,多镜头",中文,121,,https://zhaojiaqi-new.s3.cn-north-1.jdcloud-oss.com/t2v_eval/t2v_v3_0808_qt_it478000_10s/0370.mp4
372,高美感的赛博朋克的未来风格，冷色调，近景，背景虚化，镜头缓慢跟随年轻东亚女性独自走在空旷的废墟中间，她凝重地盯着前方，眼眶发红，泪水在下眼脸聚着，表情悲伤而压抑，朝阳的光打在她脸上，形成明暗交替的斑驳光影，她抬头，转头看向左右，她的眼神脆弱中透露出一丝坚定和倔强。她嘴角先微微抽动，鼻翼轻颤，悲伤的神情消失了，转为一种温柔、平和又坚定的神情，嘴角上扬，她似乎又重拾信心看见了希望。具备细腻的胶片质感，摄影运镜是轻微的手持镜头，微表情清晰，表演非常细腻有层次感，整体非常有电影质感,人物,情绪表情,风格化,,叙述性描述,运镜,中文,239,,https://zhaojiaqi-new.s3.cn-north-1.jdcloud-oss.com/t2v_eval/t2v_v3_0808_qt_it478000_10s/0371.mp4
373,烈日下的废弃工业区，背景是高耸的大楼，此刻正轰然爆炸倒塌，火光和浓烟卷起尘埃，碎片飞溅。画面左侧呈现爆炸全景，摄影机聚焦主角面部大特写，主角身穿略显皱褶的西装，肩膀被微风轻轻吹起，衣角随动作轻摆。他的脸庞沧桑而坚毅，刻画出岁月痕迹和经历的沉重，眉眼间透出冷静与不屑。摄影机以大特写捕捉他的面部表情：微微眯起的眼睛、嘴角勾起一抹不屑的笑，火光映照在侧脸形成强烈光影对比，展现英雄气质和内心的傲然无畏。慢动作与景深结合，使爆炸背景和人物表情同时呈现，4K超清，光影层次丰富，整体画面写实而震撼，充满电影大片感和故事张力。电影质感。焦点调度由远景的爆炸聚焦到主角的脸部，他抽着烟轻蔑的笑了起来，情绪细腻,人物,情绪表情,画面构图,,叙述性描述,"运镜,时间操控",中文,298,,https://zhaojiaqi-new.s3.cn-north-1.jdcloud-oss.com/t2v_eval/t2v_v3_0808_qt_it478000_10s/0372.mp4
374,午后的房间，阳光透过百叶窗形成条纹光斑。窗台上猫咪趴着呼吸，身体随呼吸微微起伏。一只飞蛾从窗缝飞入，猫咪耳朵竖起追踪飞蛾轨迹，头部随之左右转动。镜头从猫咪推近至地板光斑，光斑随云层移动缓慢偏移。,动物,,,动物运动,日常白话,运镜,中文,97,,https://zhaojiaqi-new.s3.cn-north-1.jdcloud-oss.com/t2v_eval/t2v_v3_0808_qt_it478000_10s/0373.mp4
375,一座城池出现在远方地平线上，城墙绵长坚固，在风雪中若隐若现。 无数黑甲骑兵从四面八方如黑色潮水般席卷而来。铁甲反射寒光，长矛如林，数不清的旌旗在风雪中剧烈翻卷舞动。骑兵冲锋一片混乱。 以大场面俯视角度的大广角全景图展现骑兵大战。 色彩以黑、白、灰、暗红为主，电影级光影，史诗感，8K，渲染引擎。无人机视角穿梭。,人物,运动体育,打斗场景,,叙述性描述,运镜,中文,155,,https://zhaojiaqi-new.s3.cn-north-1.jdcloud-oss.com/t2v_eval/t2v_v3_0808_qt_it478000_10s/0374.mp4
376,"In a dimly lit room at night, a man stands silhouetted against a projection screen. An eye-level close-up shot reveals he is wearing a white tank top, with a silver earring glinting in his ear. His gaze is lost in the distance, his expression pensive and thoughtful. As the camera pans to the right, the background dissolves into a blur of intertwining blue and purple light, creating a mysterious and captivating atmosphere. The ethereal glow casts a kaleidoscope of colors onto his face, sharply defining the contours of his features. Mixed underlighting and side lighting create strong contrast throughout.",人物,情绪表情,画面构图,,叙述性描述,运镜,英文,99,,https://zhaojiaqi-new.s3.cn-north-1.jdcloud-oss.com/t2v_eval/t2v_v3_0808_qt_it478000_10s/0375.mp4
377,"A cinematic wide shot with symmetrical composition shows a lone figure in a red coat walking down the center of a long, wet cobblestone street flanked by old European buildings on both sides. The buildings mirror each other perfectly, creating a strong central axis. Rain falls gently, reflecting the warm glow of vintage street lamps on the wet pavement. The camera tracks backward slowly, keeping the figure perfectly centered at all times. The towering architecture frames the subject on both sides, drawing the eye directly to the middle, all rendered in a moody blue and orange color grading with shallow depth of field.","人物,人造空间",日常行为,画面构图,,叙述性描述,运镜,英文,103,,https://zhaojiaqi-new.s3.cn-north-1.jdcloud-oss.com/t2v_eval/t2v_v3_0808_qt_it478000_10s/0376.mp4
378,雨夜街角，特写镜头对准一位撑伞等待的行人。一辆出租车驶过，轮胎溅起水花。行人低头看手表，收起雨伞走向路边。镜头拉焦到前景雨珠，雨珠中折射出霓虹灯的倒影。焦点再次回到行人，他伸手拦下出租车，拉开车门上车。,人物,日常行为,,,叙述性描述,运镜,中文,101,,https://zhaojiaqi-new.s3.cn-north-1.jdcloud-oss.com/t2v_eval/t2v_v3_0808_qt_it478000_10s/0377.mp4
379,镜头跟随一位在舞台上独舞的舞者移动。舞者先完成一组旋转，随后下蹲滑步横移至舞台另一侧，最后跳跃落地定格造型。背景舞台灯光处于失焦状态，形成流动的彩色光斑。,人物,表演艺术,,,叙述性描述,"运镜,时间操控",中文,77,,https://zhaojiaqi-new.s3.cn-north-1.jdcloud-oss.com/t2v_eval/t2v_v3_0808_qt_it478000_10s/0378.mp4
380,"A close-up macro shot captures a single raindrop hitting a green lotus leaf in slow motion. The moment of impact is frozen in time, showing the water droplet deforming into a perfect crown shape before splashing outward. Tiny water droplets hang suspended in the air, glistening with sunlight. Soft natural lighting and shallow depth of field emphasize the highly detailed texture in a serene atmosphere.",物体,,,流体/软体,叙述性描述,时间操控,英文,65,,https://zhaojiaqi-new.s3.cn-north-1.jdcloud-oss.com/t2v_eval/t2v_v3_0808_qt_it478000_10s/0379.mp4
381,一位雀斑女孩，双眸美丽，脸颊柔润，目光径直望向镜头。她绽开微笑。鱼眼镜头采用带有广角畸变的特写。镜头从她面部的特写开始，逐渐后拉，现出她双手向镜头轻递一支小白花的画面。纤指因情绪波动微微发颤，双马尾辫随之轻摆。微风撩起她的衣角，她顽皮地歪了歪头。背景虚化成带有轻微弧度的梦幻光晕，虹膜里流转着细碎光芒。,人物,情绪表情,,,叙述性描述,运镜,中文,151,,https://zhaojiaqi-new.s3.cn-north-1.jdcloud-oss.com/t2v_eval/t2v_v3_0808_qt_it478000_10s/0380.mp4
382,"A Golden Retriever curiously approaches the lens, its nose almost touching the glass. Shot with a close-up fisheye lens, the dog's nose and mouth appear exaggeratedly enlarged due to perspective, its eyes looking like two giant black gems. Behind the dog, the owner sits on the sofa. Sunlight streams through the window onto the floor, forming circular warm light spots. The image is full of love and humor.",动物,,,动物运动,叙述性描述,,英文,68,,https://zhaojiaqi-new.s3.cn-north-1.jdcloud-oss.com/t2v_eval/t2v_v3_0808_qt_it478000_10s/0381.mp4
383,红衣女子为女主，黑衣女子为对手。画面采用清晰的微观摄影风格，镜头贴近人物。首先聚焦红衣女子侧脸大特写，捕捉傍晚冷光下眼角汗珠、睫毛颤动以及眼神从漫不经心转为冷冽杀意的瞬间。山风仅吹动鬓角发丝与衣领一角，衣料纹理清晰可见；随即切换至手部与剑尖微距特写，展现手指紧扣剑柄时指节泛白的细节，以及两把剑尖在空气中微微颤动、反射寒光的金属质感，背景完全虚化；最后定格在两剑即将相交的毫米级距离，通过瞳孔快速切换捕捉眼神爆发的杀气，全程保持大光圈浅景深效果，营造烟雨江湖电影感，冷调低饱和，光影层次丰富，确保人物面部比例稳定、发丝与衣袂摆动遵循真实空气动力学，动作连贯自然，突出流体运动纹理与物理真实感。,人物,情绪表情,材质质感,,叙述性描述,"多镜头,时间操控",中文,296,,https://zhaojiaqi-new.s3.cn-north-1.jdcloud-oss.com/t2v_eval/t2v_v3_0808_qt_it478000_10s/0382.mp4
384,电影级无人机镜头，未来感玻璃摩天大楼反射金色夕阳，云层快速移动。切至楼顶平台，一人站在边缘俯瞰城市。切回无人机视角，镜头绕建筑环飞，动态光影在玻璃幕墙上流转。,人造空间,日常行为,画面构图,,叙述性描述,"运镜,多镜头",中文,79,,https://zhaojiaqi-new.s3.cn-north-1.jdcloud-oss.com/t2v_eval/t2v_v3_0808_qt_it478000_10s/0383.mp4
385,带有大窗户的温馨现代客厅，阳光透过薄纱窗帘洒入，尘埃在光束中飞舞，一人在沙发上阅读，暖色调，柔焦。,人造空间,日常行为,画面构图,,日常白话,,中文,49,,https://zhaojiaqi-new.s3.cn-north-1.jdcloud-oss.com/t2v_eval/t2v_v3_0808_qt_it478000_10s/0384.mp4
386,"In a minimalist open-plan office, team members collaborate around a glass table bathed in natural light, with green plants visible in the background. The camera pans smoothly across the workspace, capturing the professional and productive atmosphere.",人物,日常行为,多个体/群体画面,,叙述性描述,运镜,英文,36,,https://zhaojiaqi-new.s3.cn-north-1.jdcloud-oss.com/t2v_eval/t2v_v3_0808_qt_it478000_10s/0385.mp4
387,木桌上咖啡杯的微距镜头，蒸汽缓慢升起形成卷曲螺旋。一只手入画拿起小勺搅拌咖啡，液面出现旋涡。手放下勺子，端起杯子轻啜一口再放回桌面。镜头沿桌面缓慢滑动至窗边。,物体,,,流体/软体,叙述性描述,运镜,中文,79,,https://zhaojiaqi-new.s3.cn-north-1.jdcloud-oss.com/t2v_eval/t2v_v3_0808_qt_it478000_10s/0386.mp4
388,色彩斑斓的水下珊瑚礁，彩色鱼群游动，阳光透过水面在沙底形成焦散图案。,"动物,自然景观",,多个体/群体画面,动物运动,日常白话,,中文,34,,https://zhaojiaqi-new.s3.cn-north-1.jdcloud-oss.com/t2v_eval/t2v_v3_0808_qt_it478000_10s/0387.mp4
389,小草被风吹动，两只狗向不同方向转头看向远方。,动物,,,动物运动,日常白话,,中文,22,,https://zhaojiaqi-new.s3.cn-north-1.jdcloud-oss.com/t2v_eval/t2v_v3_0808_qt_it478000_10s/0388.mp4
390,猫跳上桌子，开始喝水。,动物,,,动物运动,日常白话,,中文,11,,https://zhaojiaqi-new.s3.cn-north-1.jdcloud-oss.com/t2v_eval/t2v_v3_0808_qt_it478000_10s/0389.mp4
391,清晨的原始森林，柔和的金色阳光透过茂密的树叶洒下。一只毛茸茸的树懒倒挂在低矮的树枝上，极其缓慢地眨了一下眼睛。切至微距特写，树懒的爪子紧握树枝，指甲纹理清晰。切回中景，一只彩色蝴蝶落在树懒鼻尖上，树懒缓慢地歪头注视。,动物,,,动物运动,叙述性描述,多镜头,中文,108,,https://zhaojiaqi-new.s3.cn-north-1.jdcloud-oss.com/t2v_eval/t2v_v3_0808_qt_it478000_10s/0390.mp4
392,在一个温馨的公寓里，狗狗在趴着吃狗粮，猫猫走过来，伸出爪子碰了碰狗狗。切至狗狗面部特写，它停下吃饭抬头看猫。切回全景，猫猫依偎在狗狗身边，画面采用暖色调。,动物,,,动物运动,叙述性描述,多镜头,中文,77,,https://zhaojiaqi-new.s3.cn-north-1.jdcloud-oss.com/t2v_eval/t2v_v3_0808_qt_it478000_10s/0391.mp4
393,一个定格动画风格的场景，主角是用黄色毛毡制作的小鸟。一只小鸟飞近鸟屋，与另一只小鸟分享一条虫子，在一个微缩场景中展现了羊毛、纸板和麻绳的触感。,动物,,材质质感,动物运动,日常白话,,中文,71,,https://zhaojiaqi-new.s3.cn-north-1.jdcloud-oss.com/t2v_eval/t2v_v3_0808_qt_it478000_10s/0392.mp4
394,一座由寒冰雕琢而成的大教堂，自内部散发出柔和光芒。镜头从广角远景逐渐推至进门。切至内部仰拍视角，冰制穹顶上光线折射出彩虹。切回正面，冰柱细节清晰可见，内部结构逐渐显现。,人造空间,,材质质感,,叙述性描述,"运镜,多镜头",中文,84,,https://zhaojiaqi-new.s3.cn-north-1.jdcloud-oss.com/t2v_eval/t2v_v3_0808_qt_it478000_10s/0393.mp4
395,一座由硬纸板和瓶盖搭建的微型城市，在夜晚焕发出生机。一列硬纸板火车缓缓驶过，小灯点缀其间呢，照亮前路。,人造空间,,材质质感,刚体位移,日常白话,,中文,51,,https://zhaojiaqi-new.s3.cn-north-1.jdcloud-oss.com/t2v_eval/t2v_v3_0808_qt_it478000_10s/0394.mp4
396,"Extreme close-up of a high-end mechanical watch movement. The frame is densely packed with precision gears, mainsprings, ruby bearings, and screws. The background consists of deep, intricate mechanical shadows, emphasizing the complexity and metallic sheen.",物体,,材质质感,,叙述性描述,,英文,35,,https://zhaojiaqi-new.s3.cn-north-1.jdcloud-oss.com/t2v_eval/t2v_v3_0808_qt_it478000_10s/0395.mp4
397,玻璃杯从木桌边缘缓缓滑出，坠向大理石地面粉碎。碎片向四周飞溅，其中一块较大的碎片滑过地面撞上桌腿反弹。杯中残余的红酒泼洒在白色大理石上，液体沿缝隙流淌。一只猫从桌下窜出，踩过酒液留下红色爪印，跳上窗台回头张望。,"动物,物体",,,刚体位移,日常白话,,中文,105,,https://zhaojiaqi-new.s3.cn-north-1.jdcloud-oss.com/t2v_eval/t2v_v3_0808_qt_it478000_10s/0396.mp4
398,一个由木块和玻璃弹珠搭建在光滑桌面上的摇摇欲坠的塔。一颗弹珠滚向底部，引发连锁反应，木块一个接一个倒塌。切至慢动作微距，一块木块击中弹珠使其高速旋转弹射。切回全景，剩余的木块和弹珠在桌面上散落静止。,物体,,,刚体位移,叙述性描述,"多镜头,时间操控",中文,99,,https://zhaojiaqi-new.s3.cn-north-1.jdcloud-oss.com/t2v_eval/t2v_v3_0808_qt_it478000_10s/0397.mp4
399,一个沉重的保龄球滚过抛光的木质球道，撞击一排水晶酒杯。撞击瞬间，前排酒杯炸裂成数千片碎片向外飞溅。碎片击中第二排酒杯，引发连锁破碎。其中一只酒杯被弹飞旋转着落在球道上弹跳三次才碎裂。保龄球继续向前滚过碎片区域，碾碎残留的杯底，最终撞上球道尽头的挡板弹回。慢镜头回放：一片锋利碎片在空中翻转，背景中其他碎片以不同速度散射，地面的酒液被气浪推成扇形。切换至俯拍视角，展现球道上碎片散布的全貌。,物体,,,刚体位移,叙述性描述,"多镜头,时间操控",中文,194,,https://zhaojiaqi-new.s3.cn-north-1.jdcloud-oss.com/t2v_eval/t2v_v3_0808_qt_it478000_10s/0398.mp4
400,"A vertical ASMR video with no music, focused entirely on macro details. A light blue skincare gel bottle sits on a glass surface as a pale, elegant hand gently taps the glass, producing crisp fingernail tapping sounds. The hand picks up the bottle and slowly twists the cap with an audible rotation sound. A spoon scoops a portion of gel, and with a soft plop, a thick blob of pale blue gel lands heavily on the glass surface. The gel is dense and viscous, containing tiny realistic air bubbles, glowing like a gemstone under dramatic cool backlighting. The hand presses firmly onto the gel, flattening it and causing it to spread outward into an irregular circle as tiny bubbles swirl within the texture. Palm lines and skin details are clearly visible through the glass as the hand slowly spreads the gel in circular motions, thinning it into a semi-transparent oily film.","人物,物体",日常行为,材质质感,流体/软体,叙述性描述,,英文,151,,https://zhaojiaqi-new.s3.cn-north-1.jdcloud-oss.com/t2v_eval/t2v_v3_0808_qt_it478000_10s/0399.mp4
401,俯拍镜头，蓝色的海浪拍打礁岩，场面恢宏壮阔。,自然景观,,,流体/软体,叙述性描述,,中文,22,,https://zhaojiaqi-new.s3.cn-north-1.jdcloud-oss.com/t2v_eval/t2v_v3_0808_qt_it478000_10s/0400.mp4
402,特写镜头，一只拳头快速击打盛满非牛顿流体（玉米淀粉水）的容器。流体在受力瞬间表现出固体般的刚性，拳头未陷入；当拳头缓慢移开时，流体又恢复液态流动。,物体,,,流体/软体,叙述性描述,,中文,73,,https://zhaojiaqi-new.s3.cn-north-1.jdcloud-oss.com/t2v_eval/t2v_v3_0808_qt_it478000_10s/0401.mp4
403,俯拍镜头，浓稠的蜂蜜从勺子缓慢滴落，拉伸成细长的丝状。,物体,,,流体/软体,叙述性描述,,中文,27,,https://zhaojiaqi-new.s3.cn-north-1.jdcloud-oss.com/t2v_eval/t2v_v3_0808_qt_it478000_10s/0402.mp4
404,"Solid black background. The text ""THE FUTURE IS HERE"" appears in bold, white, sans-serif typography. The characters pop out one by one in a rapid sequence. As each character appears, it performs a subtle upward bounce combined with a quick scale-up (zoom-in) effect.",文字为主,,文字生成,,叙述性描述,,英文,43,,https://zhaojiaqi-new.s3.cn-north-1.jdcloud-oss.com/t2v_eval/t2v_v3_0808_qt_it478000_10s/0403.mp4
405,"深蓝色背景，文字""智能驱动""以全息投影形式呈现。文字由无数发光的蓝色粒子组成，粒子从底部快速汇聚成字。切至侧面视角，文字整体缓慢旋转并闪烁，背景是流动的代码雨。切回正面，文字放大占满画面。",文字为主,,文字生成,,叙述性描述,多镜头,中文,94,,https://zhaojiaqi-new.s3.cn-north-1.jdcloud-oss.com/t2v_eval/t2v_v3_0808_qt_it478000_10s/0404.mp4
406,宣纸背景，黑色毛笔写就“生生不息”。文字像水墨滴入水中一样，晕染开来。笔触边缘有毛边和飞白效果。墨色由浓转淡。,文字为主,,文字生成,,日常白话,,中文,55,,https://zhaojiaqi-new.s3.cn-north-1.jdcloud-oss.com/t2v_eval/t2v_v3_0808_qt_it478000_10s/0405.mp4
407,"Neon-colored background with a vibrant, high-contrast palette. The text ""SYSTEM REBOOT"" is displayed in a heavy Glitch art style.",文字为主,,文字生成,,日常白话,,英文,19,,https://zhaojiaqi-new.s3.cn-north-1.jdcloud-oss.com/t2v_eval/t2v_v3_0808_qt_it478000_10s/0406.mp4
408,绿色自然背景，文字“生命”由藤蔓和绿叶构成。文字像植物一样向上生长，叶片逐渐展开，藤蔓缠绕形成笔画。生长过程自然，伴随微风拂叶的轻微晃动。,文字为主,,文字生成,,日常白话,,中文,69,,https://zhaojiaqi-new.s3.cn-north-1.jdcloud-oss.com/t2v_eval/t2v_v3_0808_qt_it478000_10s/0407.mp4
409,"画面里是一封泛黄旧信纸，上面密密麻麻的字迹潦草。内容：""亲爱的，再见了。愿风带走我的思念，从此山水不相逢。那年春天你送我的白玉兰，如今已枯在书页里。我把所有照片都留在了老房子的抽屉中，钥匙在门垫下面。原谅我没有勇气当面说出这些话...""突然一阵强风灌入，信纸剧烈翻飞发出哗啦脆响。信纸被卷起撞上桌面的墨水瓶，墨水瓶倾倒，黑色墨汁流淌浸染信纸边缘，字迹在墨水中逐渐洇散模糊。风继续吹，信纸最终被卷出窗外飘向远方，镜头跟随信纸飞越屋顶，下方是雨后空旷的街道。","物体,文字为主",,文字生成,流体/软体,叙述性描述,运镜,中文,227,,https://zhaojiaqi-new.s3.cn-north-1.jdcloud-oss.com/t2v_eval/t2v_v3_0808_qt_it478000_10s/0408.mp4
410,"特写一张铺在深色实木会议桌上的法律合同，一位律师正用红色钢笔批注条款。切至文字微距：""第5.2条知识产权归属：[原条款]：所有开发成果归甲方所有。[修订建议]:改为双方共同所有。""切回律师面部特写，她推了推眼镜继续批注。","人物,文字为主",日常行为,文字生成,,叙述性描述,多镜头,中文,110,,https://zhaojiaqi-new.s3.cn-north-1.jdcloud-oss.com/t2v_eval/t2v_v3_0808_qt_it478000_10s/0409.mp4
411,"镜头聚焦在一份病历上，一位带着听诊器的医生正在用黑色和红色记号笔书写诊断报告。切至文字特写：""患者：男性，45岁。主诉：持续性胸痛伴呼吸困难。初步诊断：急性心肌梗死疑似。""切回医生面部，他皱眉沉思后拿起电话。","人物,文字为主",日常行为,文字生成,,叙述性描述,多镜头,中文,104,,https://zhaojiaqi-new.s3.cn-north-1.jdcloud-oss.com/t2v_eval/t2v_v3_0808_qt_it478000_10s/0410.mp4
412,特写镜头对准落地玻璃窗，窗外是模糊的城市夜景。一位设计师正手持白色和黄色荧光马克笔在玻璃上快速书写产品创意关键词。切至窗外视角，透过玻璃上的倒写文字看到设计师的身影。切回室内特写，设计师在一个关键词下面画了三个下划线。,"人物,文字为主",日常行为,文字生成,,叙述性描述,多镜头,中文,109,,https://zhaojiaqi-new.s3.cn-north-1.jdcloud-oss.com/t2v_eval/t2v_v3_0808_qt_it478000_10s/0411.mp4
413,俯拍视角，一个人坐在桌前，旁边放着一杯冒着热气的咖啡。双手正在键盘上敲击，填写一份“季度复盘”的关键数据。,人物,日常行为,,,叙述性描述,,中文,53,,https://zhaojiaqi-new.s3.cn-north-1.jdcloud-oss.com/t2v_eval/t2v_v3_0808_qt_it478000_10s/0412.mp4
414,特写镜头对准一块平板电脑，屏幕上显示着一份电子合同文档。一只戴着智能手表的手正用手指在屏幕上滑动，对关键条款进行高亮标记。,文字为主,,文字生成,,叙述性描述,,中文,61,,https://zhaojiaqi-new.s3.cn-north-1.jdcloud-oss.com/t2v_eval/t2v_v3_0808_qt_it478000_10s/0413.mp4
415,俯拍视角，一张A4 白纸上画着产品草图（如一款智能音箱）。设计师正用黑色马克笔在草图旁快速标注设计要点。,"人物,物体",日常行为,,,叙述性描述,,中文,52,,https://zhaojiaqi-new.s3.cn-north-1.jdcloud-oss.com/t2v_eval/t2v_v3_0808_qt_it478000_10s/0414.mp4
416,镜头展示一个巨大的屏幕，背景是深蓝色的科技网格。屏幕上密集排列着数百个关键财务指标和业务数据。,文字为主,,文字生成,,叙述性描述,,中文,47,,https://zhaojiaqi-new.s3.cn-north-1.jdcloud-oss.com/t2v_eval/t2v_v3_0808_qt_it478000_10s/0415.mp4
417,"一张快递单平铺在桌上，镜头推进聚焦密集运单信息：收件人""张三，138****1234，北京市朝阳区XX路XX号XX小区3栋501室""；寄件人""李四，139****5678，上海市浦东新区XX路XX号XX仓库""；商品信息""智能扫地机器人，数量1，重量3.5kg，体积0.02m³""；物流状态""已揽收（2026-05-20 09:30）→运输中（2026-05-20 14:15）→到达北京分拣中心（2026-05-21 08:00）→派送中（2026-05-21 10:30）""；备注""请放门口，勿敲门。易碎品，轻拿轻放。保价金额2000元""；底部是条形码和二维码，旁印""单号JD202605200001234567""。一只手入画用签字笔在签收栏签下""张三""二字并填写日期，随后撕下底联递给快递员。快递员接过底联塞入腰包，将包裹放在门口，用手持终端扫描二维码，屏幕显示""已签收""状态更新。镜头拉远，走廊里另外两个快递员正推着满载包裹的推车走来。","人物,文字为主",日常行为,文字生成,,叙述性描述,运镜,中文,421,,https://zhaojiaqi-new.s3.cn-north-1.jdcloud-oss.com/t2v_eval/t2v_v3_0808_qt_it478000_10s/0416.mp4
418,"Extreme close-up of a drop of SK-II Facial Treatment Essence falling into a glass, creating a perfect ripple. The camera pulls back to reveal a glowing, hydrated face of an Asian woman. She gently pats the product into her skin. Text overlay: 'SK-II Facial Treatment Essence, 75% Pitera'. Soft, warm studio lighting, luxurious and elegant mood. Final text: 'Double 11 Special Offer'","人物,物体",日常行为,文字生成,,叙述性描述,运镜,英文,62,,https://zhaojiaqi-new.s3.cn-north-1.jdcloud-oss.com/t2v_eval/t2v_v3_0808_qt_it478000_10s/0417.mp4
419,"A dynamic low-angle shot of a runner's feet hitting the pavement in a city park at sunrise. The camera tracks the Ananta running shoes, highlighting the 'Nitrogen Technology' sole compressing and rebounding. The runner sprints forward, motion blur emphasizing speed. Text overlay: 'ANTA Running Shoes, Lightweight & Responsive'. Golden hour lighting, energetic and inspiring vibe. Final text: 'New Season Launch'","人物,物体",运动体育,文字生成,,叙述性描述,运镜,英文,60,,https://zhaojiaqi-new.s3.cn-north-1.jdcloud-oss.com/t2v_eval/t2v_v3_0808_qt_it478000_10s/0418.mp4
420,俯拍视角，一篮金黄酥脆的鸡翅正从美的空气炸锅中被拉出，热气缓缓升腾。一只手在鸡翅上撒上罗勒碎。镜头向上摇摄，展示现代厨房台面上那台时尚黑色的空气炸锅。画面叠加文字：‘美的空气炸锅，无油烹饪’。温暖的的厨房灯光。结尾文字：‘买一送一’。,物体,,文字生成,,叙述性描述,运镜,中文,117,,https://zhaojiaqi-new.s3.cn-north-1.jdcloud-oss.com/t2v_eval/t2v_v3_0808_qt_it478000_10s/0419.mp4
421,慢动作镜头，新鲜洁白的牛奶倾倒入玻璃杯中，激起奶油般的飞溅。镜头聚焦于木桌上摆放的‘伊利纯牛奶’纸盒，旁边是新鲜水果。阳光透过窗户洒入，照亮了牛奶的质感。画面叠加文字：‘伊利纯牛奶，100% 新鲜’。自然、健康,物体,,文字生成,流体/软体,叙述性描述,时间操控,中文,105,,https://zhaojiaqi-new.s3.cn-north-1.jdcloud-oss.com/t2v_eval/t2v_v3_0808_qt_it478000_10s/0420.mp4
422,分屏转场：左侧展示一名学生用触控笔在华为 MatePad 上绘画，右侧展示同一幅画作以 3D 形式生动呈现。镜头推近屏幕，清晰显示‘鸿蒙系统（HarmonyOS）’界面。画面叠加文字：‘华为 MatePad，创意 powerhouse,"人物,物体",,画面构图,,叙述性描述,"运镜,多镜头",中文,117,,https://zhaojiaqi-new.s3.cn-north-1.jdcloud-oss.com/t2v_eval/t2v_v3_0808_qt_it478000_10s/0421.mp4
423,黎明时分，一位音乐家在安静的屋顶上弹奏吉他，背景是城市天际线。,人物,表演艺术,,,日常白话,,中文,31,,https://zhaojiaqi-new.s3.cn-north-1.jdcloud-oss.com/t2v_eval/t2v_v3_0808_qt_it478000_10s/0422.mp4
424,"Graffiti artists paint a massive mural on a brick wall in an alley. The camera moves dynamically alongside the spray paint cans, capturing the rhythm of the music. Quick cuts between different angles showcase vibrant colors against the urban grit, conveying a high-energy, rebellious atmosphere.",人物,表演艺术,,,叙述性描述,"运镜,多镜头",英文,45,,https://zhaojiaqi-new.s3.cn-north-1.jdcloud-oss.com/t2v_eval/t2v_v3_0808_qt_it478000_10s/0423.mp4
425,电影级镜头，一位身材健硕、轮廓分明的男模在悬浮于空中的透明T台上自信走秀。男模皮肤质感真实，肌肉线条流畅，神情冷峻专注。,人物,表演艺术,材质质感,,叙述性描述,,中文,60,,https://zhaojiaqi-new.s3.cn-north-1.jdcloud-oss.com/t2v_eval/t2v_v3_0808_qt_it478000_10s/0424.mp4
426,"A couple walking hand in hand through a park at sunset, soft golden light surrounding them.",人物,社会互动,,,日常白话,,英文,16,,https://zhaojiaqi-new.s3.cn-north-1.jdcloud-oss.com/t2v_eval/t2v_v3_0808_qt_it478000_10s/0425.mp4
427,"A worker in protective gear operating a machine on a factory floor, sparks flying from the contact point.",人物,日常行为,,,日常白话,,英文,18,,https://zhaojiaqi-new.s3.cn-north-1.jdcloud-oss.com/t2v_eval/t2v_v3_0808_qt_it478000_10s/0426.mp4
428,一片充满发光蘑菇和漂浮萤火虫的魔法森林。一个年轻女孩在森林中探索，她的裙摆拖在身后。镜头跟随她穿过树林，随后推近至一朵发光的花朵。,人物,日常行为,视觉特效,,叙述性描述,运镜,中文,65,,https://zhaojiaqi-new.s3.cn-north-1.jdcloud-oss.com/t2v_eval/t2v_v3_0808_qt_it478000_10s/0427.mp4
429,一只蜂鸟在花朵间快速飞来飞去，翅膀动得看不清。,动物,,,动物运动,日常白话,,中文,23,,https://zhaojiaqi-new.s3.cn-north-1.jdcloud-oss.com/t2v_eval/t2v_v3_0808_qt_it478000_10s/0428.mp4
430,低角度拍摄，一把狙击步枪架在支架上。镜头缓慢移动，展示枪管和枪身的质感。光线柔和地打在枪身上，非常酷炫的感觉。,物体,,,,叙述性描述,运镜,中文,55,,https://zhaojiaqi-new.s3.cn-north-1.jdcloud-oss.com/t2v_eval/t2v_v3_0808_qt_it478000_10s/0429.mp4
431,广角镜头，一门拿破仑野战炮矗立在夕阳下的古战场废墟中，炮身覆盖铜绿与锈迹。镜头从炮口推入，展现炮膛内壁的腐蚀纹理。一只乌鸦落在炮管上，啄了几下铁锈后飞走。镜头后拉并环绕炮身，经过炮口雕刻的新古典主义花纹，停在炮轮处。一阵风吹过，废墟中的枯草摇摆，一面残破的军旗从泥土中半露出来，随风颤动。远处地平线上走来一个牵马的人影。,物体,,材质质感,,叙述性描述,运镜,中文,160,,https://zhaojiaqi-new.s3.cn-north-1.jdcloud-oss.com/t2v_eval/t2v_v3_0808_qt_it478000_10s/0430.mp4
432,以手持设备的视角记录了户外的一幕。画面起始，一截表面粗糙带有烧焦痕迹的粗大树干占据右侧。在树干左侧，一只橘白相间的猫半隐在树干后。镜头微微向左下方移动，猫转过身来侧卧在泥地上。切至猫的面部特写，它的瞳孔追踪着什么。切回全景，一只长着小角、戴黄色颈带的棕色动物从左上角走入，低头凑近猫嗅探。猫全程保持静止偶尔转头。随后棕色动物抬头退去，猫继续依偎在树干旁抬头望向它离开的方向。,动物,,,动物运动,叙述性描述,"运镜,多镜头",中文,187,,https://zhaojiaqi-new.s3.cn-north-1.jdcloud-oss.com/t2v_eval/t2v_v3_0808_qt_it478000_10s/0431.mp4
433,"The skateboarder, wearing a dark blue short-sleeved shirt, black pants, a black baseball cap, and light blue sneakers, pops his skateboard into the air, propelling it toward a low, straight metal grind rail positioned horizontally in the foreground. As the board's trucks make contact with the metal rail, the skateboard slips forward and out from under his feet. The skateboard drops off the rail and lands on its wheels on the concrete surface nearby. Concurrently, the skateboarder falls backward, his feet detaching from the board. He reaches out with his left hand toward the ground as he descends, landing flat on his back on the smooth concrete. The impact causes his legs to swing straight up into the air. He slides a short distance on his back before coming to a complete stop. After sliding to a halt, he bends his knees, lowers his legs until his feet rest flat on the ground, and lies motionless on his back with his arms spread out to his sides. The entire sequence is captured in a single, continuous shot without any cuts. The scene takes place on a flat concrete surface that displays distinct, elongated shadows of the rail and the skater. Directly behind the action, a chain-link fence separates the concrete area from a narrow strip of grass. Beyond the fence, parked vehicles, including a white van and a white pickup truck, sit adjacent to a street lined with trees and a building, forming the backdrop of the scene.",人物,运动体育,,,叙述性描述,,英文,248,,https://zhaojiaqi-new.s3.cn-north-1.jdcloud-oss.com/t2v_eval/t2v_v3_0808_qt_it478000_10s/0432.mp4
434,视频以一个固定的中景镜头开始，画面中央偏右悬浮着一个巨大的橙色圆形气球，背景是深灰色点缀白色星星的幕布。气球表面亮起一个小红点。切至微距特写，红点迅速扩大成裂缝。切回中景，气球突然破裂，橙色外皮向内卷曲收缩成碎片掉落，内部大量亮黄色碎纸屑瞬间显露散开，纷纷向下飘落。,物体,,,形态变化,叙述性描述,多镜头,中文,133,,https://zhaojiaqi-new.s3.cn-north-1.jdcloud-oss.com/t2v_eval/t2v_v3_0808_qt_it478000_10s/0433.mp4
435,这段视频是一个单一连续的固定长镜头，展示了一个动画风格的雪地场景。画面背景和边缘矗立着被厚厚白雪覆盖的松树，画面中景有一道破旧的木桩铁丝网栅栏，从画面左侧的一个岩石小沟渠一直延伸向右侧。起初，雪地场景中没有活动的物体。随后，一只棕白相间的狗从画面左下角的沟渠附近出现，并在前景的雪地上快速向画面右侧奔跑。随着狗向右移动，一根连接在狗身上的细牵引绳变得清晰可见，绳子一直向画面左侧延伸。紧接着，绳索突然绷紧，瞬间阻止了狗向前的动作。反向的拉力将狗向后猛拽，导致它的前肢腾空，身体失去平衡并在雪地里向后翻滚。狗在雪地上从右向左滑行了一段距离，滑过了前景的一根木栅栏桩。最后，狗在画面左下方靠近它最初出现的位置停了下来，整个身体平趴在雪地里，头部微抬面朝右前方，保持静止直到视频结束。,动物,,风格化,动物运动,叙述性描述,,中文,339,,https://zhaojiaqi-new.s3.cn-north-1.jdcloud-oss.com/t2v_eval/t2v_v3_0808_qt_it478000_10s/0434.mp4
436,"Captured in a steady, high-angle, medium-close shot with a realistic, slightly dramatic visual style, the scene focuses on a dark, heavily distressed wooden floor indoors, positioned beneath the vertical metal legs of a piece of furniture. A white vase holding a bouquet of red roses suddenly plunges downward into the frame from above. The vase strikes the wooden floor forcefully, immediately causing the red rose petals to burst outward in all directions. Upon impact, the vase bounces and rolls toward the right side of the frame, finally coming to rest on its side with the neck pointing right. The green stems and red rose heads tumble along with the rolling vase, spilling out onto the floor. Dozens of detached red petals scatter widely, fluttering down to settle irregularly across the dark wood surface and around the bases of the metal legs in the background, as the rapid motion comes to a complete halt within the single, continuous shot.",物体,,,刚体位移,叙述性描述,,英文,158,,https://zhaojiaqi-new.s3.cn-north-1.jdcloud-oss.com/t2v_eval/t2v_v3_0808_qt_it478000_10s/0435.mp4
437,视频由一个固定的单一连续长镜头构成，呈现出微距摄影的视觉风格。画面聚焦于一个深色且带有纹理的湿润基底表面，背景完全处于黑暗之中。在画面的前景偏右位置，停靠着一个清晰的半球形肥皂泡，其透明的表面反射出红、绿、蓝交织的绚丽彩虹色光泽。在这个主干肥皂泡的左后方，还有一个略小一点的肥皂泡，由于景深较浅而处于模糊的失焦状态。两个肥皂泡的底部边缘都被一圈白色的细碎泡沫和水滴所环绕，这些泡沫不规则地散布在深色的水面上。在视频的开篇阶段，两个肥皂泡静止地附着在表面上。随后，大约在视频播放到1.4秒时，位于前景的那个大肥皂泡突然破裂，原本完整的彩色薄膜瞬间消失。随着它的破裂，只在原本接触水面的位置留下了一圈由白色细小气泡组成的半圆形痕迹，并伴有极微小的水滴向四周飞溅。与此同时，左后方那个模糊的肥皂泡并未受到影响，依然完好地停留在原地。在剩余的时间里，固定的镜头持续注视着前景残留的泡沫圈以及后方那个完好无损的肥皂泡，画面保持静止直到结束。,物体,,材质质感,形态变化,叙述性描述,,中文,415,,https://zhaojiaqi-new.s3.cn-north-1.jdcloud-oss.com/t2v_eval/t2v_v3_0808_qt_it478000_10s/0436.mp4
438,"In an outdoor railway setting, a prominent railroad crossing signal occupies the right foreground, positioned just behind a dark green metal fence with pointed tips that runs horizontally across the bottom of the frame. The signal consists of a large, black, shield-shaped backing with a white border, topped with angled red-and-white striped crossbucks. Below the center, it holds two circular red lights. The left red light illuminates brightly, then switches off, immediately followed by the right red light illuminating and switching off; this alternating flashing sequence continues steadily throughout the scene. As the lights flash, a yellow, blue, and white passenger train enters from the right side of the frame, moving rapidly and continuously from right to left behind the signal and the fence. The signal partially obscures the passing train as it moves across the field of view. The video is captured in a single, fixed medium shot with no camera movement or cuts, maintaining a steady focus on the signal. In the top left corner of the screen, an orange logo depicting a train with the text ""TRAIN CHANNEL"" is constantly visible. As the train speeds by, the large number ""2"", an interlocking blue logo, and the word ""Sprinter"" are briefly visible on its side. The slightly blurred background reveals overhead railway catenary lines, trees, and multi-story buildings, typical of an urban or suburban environment. The video has the direct, realistic, and observational style of documentary or railfan photography.",物体,,文字生成,刚体位移,叙述性描述,,英文,241,,https://zhaojiaqi-new.s3.cn-north-1.jdcloud-oss.com/t2v_eval/t2v_v3_0808_qt_it478000_10s/0437.mp4
439,MMA八角笼内，一名光头拳手以南派站架步步逼近，对手突然一记低扫腿将其击倒，随即骑乘上位连续锤击面部，裁判冲入分开两人。慢动作回放低扫腿命中胫骨的瞬间，切至场边教练挥拳庆祝。,人物,打斗/格斗,打斗场景,,叙述性描述,多镜头、时间操控,中文,87,,https://zhaojiaqi-new.s3.cn-north-1.jdcloud-oss.com/t2v_eval/t2v_v3_0808_qt_it478000_10s/0438.mp4
440,"Two medieval knights in full plate armor clash swords on a rain-soaked battlefield. The first knight swings a longsword overhead — the second raises his shield, deflecting with a shower of sparks. He immediately counters with a low thrust that scrapes across the first knight's greave, staggering him sideways. The first knight recovers with a spinning backhand slash that catches the rim of the shield and wrenches it aside. Both step back panting, visors dripping rain, then charge simultaneously — blades locking at the crossguard, boots sliding in the mud, each straining to force the other down. One knee buckles; he rolls away as the sword slams into the earth where his head was.",人物,打斗/格斗,打斗场景,,叙述性描述,,英文,114,,https://zhaojiaqi-new.s3.cn-north-1.jdcloud-oss.com/t2v_eval/t2v_v3_0808_qt_it478000_10s/0439.mp4
441,深夜巷弄，昏暗路灯下两个年轻人扭打在一起。穿夹克的一把抓住对方衣领猛推撞墙，后脑撞击砖面发出闷响；被撞者咬牙用膝盖猛顶对方腹部，趁其弯腰之际双手扣住后脑往下压同时抬膝撞击面部。穿夹克者抱住对方腰部发力摔倒，两人跌入积水中翻滚争夺上位，水花四溅打湿两人全身。最终一人骑在上方连续挥拳，另一人双臂护头蜷缩，旁边垃圾桶被撞翻滚出画面。镜头从侧面低角度缓慢平移拍摄。,人物,打斗/格斗,打斗场景,,叙述性描述,运镜,中文,179,,https://zhaojiaqi-new.s3.cn-north-1.jdcloud-oss.com/t2v_eval/t2v_v3_0808_qt_it478000_10s/0440.mp4
442,"A kung fu master in a white changshan faces a wooden dummy in a dimly lit training hall. He opens with rapid Wing Chun chain punches — left-right-left-right — each strike snapping the dummy's wooden arms with precise wrist rotation. Without pausing, he transitions into a pak sao trap, pins the dummy's arm, and delivers three consecutive elbow strikes to the centerline. He then pivots on his rear foot, executes a sweeping low kick against the dummy's base post, and immediately follows with a jumping side kick that connects with the dummy's head section. The wooden frame shudders violently; splinters and sawdust explode outward. He lands in a stable horse stance, fists raised, breath visible in the cold air.",人物,运动/体育,打斗场景,,叙述性描述,,英文,119,,https://zhaojiaqi-new.s3.cn-north-1.jdcloud-oss.com/t2v_eval/t2v_v3_0808_qt_it478000_10s/0441.mp4
443,日式道场木地板上，两名剑道选手全副护具面对面蹲踞，竹刀尖端交叉对峙。裁判一声号令，双方同时踏步起身——右侧选手抢先以迅猛的面击攻向头顶，左侧选手侧身闪避的同时顺势挥出胴击打中腰部护甲，发出清脆的竹刀撞击声。右侧选手后退一步调整，随即踏步前冲以突き刺向咽喉，左侧选手格挡后连续后退三步拉开距离。两人重新归位对峙，护面下可见急促呼吸形成的白雾。固定机位正面拍摄，道场旗帜可见轻微晃动。,人物,打斗/格斗,打斗场景,,叙述性描述,,中文,190,,https://zhaojiaqi-new.s3.cn-north-1.jdcloud-oss.com/t2v_eval/t2v_v3_0808_qt_it478000_10s/0442.mp4
444,"Two giant mechs battle in a destroyed cityscape. The red mech throws a punch that the blue mech catches mid-air, twists the arm, and delivers an elbow strike to the red mech's torso. Buildings crumble from the shockwave. The red mech retaliates with a rocket-powered uppercut, sending the blue mech crashing through a skyscraper.",物体,,打斗场景,刚体位移,叙述性描述,多镜头,英文,54,,https://zhaojiaqi-new.s3.cn-north-1.jdcloud-oss.com/t2v_eval/t2v_v3_0808_qt_it478000_10s/0443.mp4
445,非洲草原黄昏，两头鬃毛浓密的雄狮为争夺领地爆发激战。一头率先发起冲锋，前爪高高抬起猛拍对方头部，利爪划过面颊留下血痕；另一头低吼着张口咬住对方颈部鬃毛，四肢发力试图将对手按倒。被咬者剧烈挣扎，后腿蹬地发力甩开对方，随即两头狮子同时后仰站起，前爪互相拍击推搡。一头突然侧身扑倒另一头，两头巨兽在尘土中翻滚扭打，黄沙漫天飞扬。远处母狮群警觉观望，几只幼狮躲在母亲身后。固定远景机位拍摄。,动物,,打斗场景,动物运动,叙述性描述,,中文,191,,https://zhaojiaqi-new.s3.cn-north-1.jdcloud-oss.com/t2v_eval/t2v_v3_0808_qt_it478000_10s/0444.mp4
446,拳击擂台第12回合。红角拳手鼻血横流，顶着对手刺拳强行突入内线，连续三记左钩拳重击对方肋部，蓝角拳手抱头后退至绳角。红角追击一记右手摆拳正中下巴，蓝角双腿发软倒地。裁判开始读秒，镜头切至观众席疯狂庆祝。,人物,打斗/格斗,打斗场景,,叙述性描述,多镜头,中文,101,,https://zhaojiaqi-new.s3.cn-north-1.jdcloud-oss.com/t2v_eval/t2v_v3_0808_qt_it478000_10s/0445.mp4
447,"A hooded assassin drops from a rooftop onto a guard, driving both to the ground. The guard rolls free and draws his sword. The assassin flicks out a hidden blade and parries the first swing. They exchange three rapid strikes before the assassin ducks a horizontal slash and sweeps the guard's legs. Night alley, torchlight casting long shadows.",人物,打斗/格斗,打斗场景,,叙述性描述,,英文,58,,https://zhaojiaqi-new.s3.cn-north-1.jdcloud-oss.com/t2v_eval/t2v_v3_0808_qt_it478000_10s/0446.mp4
448,动漫风格，樱花飞舞的神社台阶上，两名忍者高速对决。一人掷出三枚手里剑被对方侧身闪过，随即两人贴身以苦无对击，火花四溅。其中一人后空翻拉开距离，双手结印喷出火焰；另一人以水盾抵挡，蒸汽弥漫整个画面。,人物,打斗/格斗,打斗场景,,叙述性描述,多镜头,中文,98,,https://zhaojiaqi-new.s3.cn-north-1.jdcloud-oss.com/t2v_eval/t2v_v3_0808_qt_it478000_10s/0447.mp4
